alpha,aspect_ratio,n_realizations,theta_H,theta_H_se,a20,a20_se,a02,a02_se,a11,a11_se,A_cu,A_cu_se,A_cw,A_cw_se,loss_per_collision,zeta_star,alpha_eff,gamma_c,gamma_w,gamma_x,D_c,D_w,D_x
0.5,1.2,10,7.3468,0.00290201,0.0515196,0.000329303,0.0576843,0.000579839,0.108345,0.000229198,0.00171514,0.000138332,-0.00444702,0.000168266,0.175779,0.165845,0.708848,3.93206,12.991,3.90131,0.400096,0.38818,0.285066
0.5,1.35,10,3.86291,0.00138678,0.0240668,0.00023861,0.0167231,0.000326377,0.0729521,0.000203569,0.00302718,0.000121267,-0.00696076,0.000195456,0.168673,0.152947,0.735635,5.16524,13.9897,4.27617,0.211954,0.341147,0.216371
0.5,1.5,10,2.83252,0.00154372,0.0147004,0.000220834,0.00431661,0.000315056,0.0500884,0.000156346,0.00374274,0.000139172,-0.0084496,0.00014191,0.161686,0.143027,0.755592,5.51844,14.926,4.50801,0.158067,0.297051,0.173884
0.5,2,10,1.84158,0.000572244,0.00926463,0.000221248,0.00780181,0.000372293,0.0154544,0.000276136,0.00625923,0.00011867,-0.0126902,0.000141291,0.150111,0.12765,0.785525,5.96183,16.0209,4.86773,0.0904197,0.245486,0.107964
0.5,2.5,10,1.63118,0.000450067,0.00934677,0.000188063,0.00904847,0.00020051,0.00387368,0.000218104,0.00972003,0.0001354,-0.0154889,0.000223562,0.14186,0.119207,0.801485,6.04828,17.2624,5.06442,0.0772315,0.187015,0.0719202
0.5,3,10,1.53256,0.000453457,0.00937039,0.000207602,0.0106761,0.000235214,0.000241886,0.000205126,0.014048,0.00013118,-0.0183121,0.000172451,0.140004,0.116921,0.805753,6.00197,17.419,5.07754,0.0842969,0.179641,0.0695155
0.6,1.5,10,2.10456,0.000716348,0.00119511,0.00013296,-0.0224751,0.000264721,0.0325126,0.000240693,0.00387757,0.000124537,-0.00799313,0.000180701,0.138118,0.118959,0.801949,6.07349,17.1999,4.94035,0.073384,0.18996,0.0946558
0.6,2,10,1.51075,0.000411944,0.000195421,0.000142187,-0.00777241,0.000181666,0.00762923,0.000216414,0.00643948,0.00016857,-0.0120077,0.000201066,0.128127,0.106848,0.82429,6.3265,18.4282,5.1851,0.0347836,0.132111,0.0498055
0.6,3,10,1.3204,0.000432744,0.00142688,0.000139949,-0.00110335,0.000234593,-0.00361797,0.000155616,0.0147998,0.000115356,-0.0174281,0.000104617,0.118352,0.0973705,0.841361,6.32153,19.4237,5.3459,0.0355418,0.0852306,0.0203371
0.7,1.5,10,1.6627,0.000670191,-0.00607082,0.000150988,-0.0361757,0.000105241,0.0191184,0.0001006,0.00366698,0.000124238,-0.00761578,0.000173695,0.112082,0.0943625,0.846707,6.46185,19.5411,5.30048,0.0141338,0.0796998,0.0286617
0.7,2,10,1.27911,0.000594235,-0.00578924,0.000170784,-0.0153932,0.000251499,0.00117085,0.000155708,0.00679834,8.63187e-05,-0.0118945,0.000215343,0.100501,0.0824196,0.867607,6.60388,19.8535,5.45032,-0.00753504,0.0649886,0.00120195
0.7,3,10,1.15244,0.000440729,-0.00460774,0.000130903,-0.00366701,0.000169744,-0.00613833,0.00018735,0.0152601,0.000113343,-0.0169905,0.000117217,0.0959846,0.077891,0.875401,6.59243,21.1262,5.4671,-0.00578824,0.00504596,-0.00187249
0.8,1.1,10,4.93423,0.00249832,0.00454663,0.000237985,-0.0164697,0.000232787,0.0276374,0.000274643,0.00101595,0.000152106,-0.00182787,0.000156312,0.0867714,0.0800284,0.871731,4.96148,19.4142,4.9262,0.24304,0.0856762,0.0972499
0.8,1.2,10,2.55592,0.000730159,-0.0104167,0.000219948,-0.0541541,0.000163957,0.0348821,0.000168916,0.00156641,0.000126229,-0.00373553,0.000202417,0.0848483,0.0743885,0.881382,6.39672,21.3035,5.28299,0.02407,-0.00329967,0.0318661
0.8,1.35,10,1.66876,0.00087038,-0.0108318,0.000142377,-0.0562255,0.000215519,0.0213451,0.00017857,0.00300566,0.000154885,-0.00613986,0.000230343,0.0820173,0.0690757,0.890378,6.63497,20.9669,5.53556,-0.0122786,0.0125526,-0.0144191
0.8,1.5,10,1.34585,0.000478884,-0.00971218,0.000195337,-0.0383186,0.000273405,0.00874099,0.000168332,0.00363298,0.00013497,-0.00700555,0.00017129,0.0792322,0.0653115,0.896697,6.64203,21.9372,5.60214,-0.0133564,-0.0331444,-0.0266201
0.8,2,10,1.09655,0.000428725,-0.00897144,0.000182326,-0.0103547,0.000276238,-0.00326228,0.00020719,0.00655515,0.000149664,-0.011124,0.000194107,0.0681109,0.0549952,0.913791,6.67347,20.7774,5.54025,-0.0181534,0.0214744,-0.0152786
0.8,2.5,10,1.0419,0.00042372,-0.00877521,0.000203658,-0.0010993,0.000307254,-0.00671577,0.00015969,0.0107032,0.000137863,-0.0142928,0.000151467,0.069688,0.0559801,0.912173,6.63471,21.0409,5.57689,-0.012239,0.00906539,-0.0219935
0.8,3,10,1.01636,0.000417056,-0.00910583,0.000141574,0.00247639,0.000253624,-0.00717041,0.000265464,0.0156638,0.000196173,-0.0164946,0.000164402,0.0698477,0.055969,0.912191,6.60522,20.825,5.54259,-0.00773928,0.0192337,-0.0157075
0.9,1.5,10,1.1824,0.000598334,-0.00861477,0.000134357,-0.0328682,0.000252856,0.00536999,0.000155088,0.00385952,0.00015567,-0.00707657,0.000192785,0.0420565,0.0342171,0.947285,6.62322,23.2489,5.67441,-0.0104868,-0.0949216,-0.0398639
0.9,2,10,1.04503,0.000254808,-0.00643149,0.000157225,-0.00878589,0.000201883,-0.00299902,0.00016383,0.00682182,0.000150831,-0.0106386,0.000154538,0.0361563,0.029053,0.955427,6.76998,21.7824,5.54616,-0.0328777,-0.025857,-0.0163619
0.9,3,10,1.00339,0.000414757,-0.00620185,0.000158693,-4.20711e-05,0.000171496,-0.00486595,0.000213446,0.0158042,0.000132979,-0.0160176,0.000157632,0.0359521,0.0287714,0.955869,6.77403,21.6824,5.58992,-0.0334944,-0.0211456,-0.0243797
0.95,1.1,10,2.39344,0.0012976,-0.00965504,0.000139328,-0.0374716,0.000309761,0.0191661,0.000154186,0.000727575,0.000149059,-0.00195355,0.000216646,0.0241346,0.0210352,0.967933,6.5338,22.7471,5.46942,0.00315665,-0.0712904,-0.00229877
0.95,1.2,10,1.71923,0.000546677,-0.011271,0.000182829,-0.0671112,0.000215945,0.0298746,0.000104156,0.00165749,0.000176052,-0.00338587,0.000215894,0.0234887,0.0198405,0.969783,6.58069,,5.53377,-0.00399792,,-0.014091
0.95,1.35,10,1.22412,0.00124359,-0.00767906,0.000131675,-0.0447704,0.000171073,0.0130619,0.000220891,0.00254237,0.000130089,-0.00511453,0.000208862,0.0225353,0.018399,0.97201,6.78781,22.077,5.59997,-0.0355965,-0.0397288,-0.0262226
0.95,1.5,10,1.09263,0.000628556,-0.00601922,0.000210767,-0.0231232,0.000201464,0.00526112,0.00023769,0.00351568,0.000131617,-0.00648864,0.000246793,0.0216,0.0174343,0.973497,6.6063,22.6682,5.60967,-0.00790456,-0.0675751,-0.0280003
0.95,2,10,1.02186,0.000353622,-0.00381983,0.000209191,-0.00455582,0.000199207,-0.00119794,0.000118313,0.00648133,0.000144145,-0.0103291,0.000159749,0.0184051,0.014756,0.977615,6.61327,22.2532,5.53582,-0.00896874,-0.0480301,-0.0144661
0.95,2.5,10,1.00503,0.000334835,-0.00370955,0.000219149,-2.31764e-05,0.00029812,-0.00299639,0.000108127,0.0105137,0.000132443,-0.0132993,0.000130008,0.019196,0.0153645,0.976681,6.64844,21.4428,5.47517,-0.0143344,-0.00986261,-0.00335272
0.95,3,10,0.997955,0.000230976,-0.0037435,0.000157055,0.00133183,0.000256188,-0.00214917,0.000161906,0.0157797,0.000102968,-0.0156796,0.000165317,0.0190474,0.0152348,0.976881,6.56126,21.3472,5.46829,-0.00103246,-0.00536156,-0.00209078
1,1.1,10,0.999758,0.000248979,0.000321402,0.000172744,0.000211314,0.00027452,-7.3394e-05,0.000177619,0.000114117,9.67486e-05,-0.000249841,0.000220023,0,0,1,6.55549,21.2216,5.42441,-0.000153247,0.00055373,0.00595052
1,1.2,10,0.999587,0.000193054,0.000240225,0.000168327,0.000236491,0.000249477,3.31396e-05,0.000162858,0.000101894,0.000139107,-0.000229202,0.000165143,0,0,1,6.51601,21.4191,5.45403,0.00587066,-0.00874444,0.000521703
1,1.35,10,0.999863,0.000307056,6.03891e-05,0.000143903,0.00028446,0.000370078,-0.000168091,0.000178685,0.000306488,0.000161019,-0.000129326,0.000202003,0,0,1,6.60161,20.8796,5.47552,-0.00718952,0.0166621,-0.00341618
1,1.5,10,0.99973,0.000196605,-0.000131906,0.000177517,0.000311558,0.000183525,-0.000240638,0.00022426,0.000132971,0.000119695,2.61673e-05,0.000128631,0,0,1,6.62203,21.2506,5.4401,-0.0103045,-0.000810262,0.00307501
1,2,10,0.999718,0.000294517,3.49138e-06,0.000147243,-0.000432641,0.000235053,0.000131693,0.000143801,5.70123e-05,9.14393e-05,0.00015608,0.000162155,0,0,1,6.57036,21.3069,5.46443,-0.0024209,-0.00346232,-0.00138375
1,2.5,10,0.99973,0.000246481,8.30185e-06,0.000145601,-0.000214371,0.000177265,4.00223e-05,0.000202492,-0.000197608,0.000130623,4.71938e-05,0.000151081,0,0,1,6.58785,20.9515,5.44766,-0.00509001,0.0132749,0.00168901
1,3,10,0.999276,0.000348859,0.000105625,0.000221469,0.000201365,0.000125432,-0.000170895,0.000176487,0.000209842,0.000176929,0.000124481,0.000123795,0,0,1,6.42807,21.6044,5.492,0.0192875,-0.0174737,-0.00643632
