AR,alpha,theta_star,theta_star_seed_spread,seeds
1.1,0.5,0.023395,0.000112,2
1.1,0.55,0.032930,0.000129,2
1.1,0.6,0.043812,0.000850,2
1.1,0.65,0.056795,0.000106,2
1.1,0.7,0.073950,0.000994,2
1.1,0.75,0.096969,0.001032,2
1.1,0.8,0.130405,0.000045,2
1.1,0.85,0.183697,0.001229,2
1.1,0.88,0.236562,0.002496,2
1.1,0.9,0.276335,0.003122,2
1.1,0.95,0.495985,0.013496,2
1.1,0.96,0.565510,0.023732,2
1.25,0.88,0.713577,0.003409,2
1.25,0.9,0.748185,0.002202,2
1.25,0.96,0.893825,0.012622,2
1.5,0.5,0.392045,0.010453,2
1.5,0.55,0.490461,0.008011,2
1.5,0.6,0.577411,0.004520,2
1.5,0.65,0.656613,0.015780,2
1.5,0.7,0.712839,0.020581,2
1.5,0.75,0.770924,0.013652,2
1.5,0.8,0.828208,0.007174,2
1.5,0.85,0.885684,0.001917,2
1.5,0.88,0.890870,0.009676,2
1.5,0.9,0.914153,0.001725,2
1.5,0.95,0.966433,0.007214,2
1.5,0.96,0.963635,0.001114,2
2.0,0.5,0.595387,0.007564,2
2.0,0.55,0.716311,0.025466,2
2.0,0.6,0.780391,0.007681,2
2.0,0.65,0.830309,0.005636,2
2.0,0.7,0.896460,0.004453,2
2.0,0.75,0.916142,0.012165,2
2.0,0.8,0.958586,0.040004,2
2.0,0.85,0.981047,0.001173,2
2.0,0.88,0.988887,0.012830,2
2.0,0.9,0.979494,0.007927,2
2.0,0.95,0.978979,0.014428,2
2.0,0.96,0.985563,0.009519,2
2.5,0.5,0.680370,0.016874,2
2.5,0.55,0.761264,0.028095,2
2.5,0.6,0.861950,0.046633,2
2.5,0.65,0.900314,0.056561,2
2.5,0.7,0.922868,0.002420,2
2.5,0.75,0.966128,0.011802,2
2.5,0.8,0.973920,0.003727,2
2.5,0.85,0.988062,0.020230,2
2.5,0.88,0.983304,0.013048,2
2.5,0.9,1.015520,0.039882,2
2.5,0.95,1.003715,0.020732,2
2.5,0.96,1.000850,0.009391,2
3.0,0.5,0.731165,0.012878,2
3.0,0.55,0.797203,0.053467,2
3.0,0.6,0.889259,0.020421,2
3.0,0.65,0.928831,0.005736,2
3.0,0.7,0.954217,0.000564,2
3.0,0.75,0.970424,0.027109,2
3.0,0.8,1.004894,0.022774,2
3.0,0.85,1.005403,0.045904,2
3.0,0.88,0.991159,0.034326,2
3.0,0.9,0.991525,0.014861,2
3.0,0.95,0.996021,0.018980,2
3.0,0.96,0.990706,0.004936,2
