AR,alpha,theta_star,theta_star_seed_spread,seeds,theta_star_se,gamma,gamma_se,alpha_eff,alpha_eff_se,sigma_eff,sigma_eff_se,e_c,e_c_se,e_tr,e_tr_se,a2_tr,a2_tr_se,a2_rot,a2_rot_se,frac_multibody,frac_multibody_se,energy_closure,energy_closure_se
1,0.65,1.706837731e-06,1.010606718e-07,2,7.146068635e-08,-3.432303716e-07,1.278526038e-08,0.9999991419,3.196317833e-08,1.020791437,0.0007398848861,0.6457846728,1.724037713e-07,0.6457846728,1.724037713e-07,0.005918190014,0.002259877062,-0.0118232395,0.0231345495,0.002728149962,2.776744617e-05,-0.001196493939,3.128044111e-07
1,0.8,0.0001965503418,3.257649481e-05,2,2.303506039e-05,-2.837332888e-05,4.658181271e-06,0.9999290641,1.164627932e-05,1.02689329,0.001379427938,0.7978896282,4.421457067e-06,0.7978896282,4.421457067e-06,-0.01525255514,0.000283604146,-0.0191770585,0.0058065125,0.002883426676,0.0001253853579,-0.001262881226,7.940429806e-07
1,0.95,0.08068429294,0.001847643099,2,0.001306480965,-0.00338384807,6.897127387e-05,0.991504276,0.000173905639,1.026378919,0.0009405722268,0.9495487456,1.670007153e-06,0.9495487456,1.670007153e-06,-0.01015788303,0.002059461978,0.00735332845,0.00890222755,0.002846545346,4.76686029e-05,-0.001328389397,9.792636281e-07
1.1,0.5,0.03886243732,0.0001603512419,4,8.017562095e-05,-0.01944098244,6.104286004e-05,0.9501552559,0.0001606337753,1.254863797,0.001542551691,0.5099569434,1.732795531e-05,0.8247840064,0.0007499592074,0.04497192707,0.001898669541,0.06614050771,0.008327701781,0.003600739361,7.089834207e-05,-0.001192988404,2.965825076e-06
1.1,0.55,0.04583255883,0.0003747421124,4,0.0001873710562,-0.02016972574,6.890874251e-05,0.9482358738,0.0001816680774,1.240093342,0.002027480149,0.5572783149,5.536680078e-05,0.8446787675,0.001690727648,0.03539062962,0.002351759214,0.01994642394,0.008287721846,0.003251653933,8.268090228e-05,-0.00120870202,2.855760297e-06
1.1,0.6,0.05469409779,0.00055800293,4,0.000279001465,-0.02082634597,7.858795149e-05,0.9465031119,0.0002075864085,1.226012933,0.000868430734,0.6048800862,2.644262018e-05,0.8561330448,0.0004025726664,0.03236252496,0.001511928537,0.03607168217,0.01047546664,0.003249782086,6.09292453e-05,-0.001222642825,1.070363555e-06
1.1,0.65,0.0654587428,0.000354875941,4,0.0001774379705,-0.02117116827,6.362958925e-05,0.9455919171,0.0001682278425,1.215423854,0.001882770774,0.6530180007,1.564420996e-05,0.871711182,0.0007294062938,0.02570659707,0.002051088644,0.03123182376,0.006290989536,0.003212892899,7.467285879e-05,-0.001234680224,2.212453774e-06
1.1,0.7,0.08029556641,0.000433757227,4,0.0002168786135,-0.0215845037,5.901063892e-05,0.9444984957,0.0001562194724,1.199656295,0.001528471073,0.7014006337,3.108073112e-05,0.88459948,0.0006780556888,0.01817711331,0.001714476526,0.03007846572,0.003508526588,0.002888715423,5.688383314e-05,-0.001256462261,1.507841362e-06
1.1,0.75,0.1010734246,0.0009760984363,4,0.0004880492182,-0.02190361954,8.354937196e-05,0.9436534085,0.000221312993,1.187036675,0.00221864779,0.7502729258,3.372689166e-05,0.8994610353,0.0006324768204,0.01117963289,0.0005555809325,0.02833728495,0.02296041689,0.00291566367,5.831486389e-05,-0.001266870727,2.104979141e-06
1.1,0.8,0.1320469137,0.001361602306,4,0.000680801153,-0.02189544375,0.0001051880324,0.9436750227,0.0002786177738,1.175160697,0.0006352509961,0.7994708959,2.775221717e-05,0.9132934229,0.000636517649,0.005934728987,0.001955344689,0.0003788212738,0.005345780806,0.002929825936,0.0001492909416,-0.001285345631,1.993912455e-06
1.1,0.85,0.1819291987,0.002139342605,4,0.001069671302,-0.02124462114,9.481565315e-05,0.9453976442,0.0002507203485,1.164743816,0.0007028905293,0.8490816319,4.1088166e-05,0.9286789444,0.0006899230674,-0.001169940707,0.001161291969,0.01579010432,0.008186596164,0.002861656595,9.597435858e-05,-0.001299760074,6.39845572e-07
1.1,0.88,0.2341106355,0.003154499314,4,0.001577249657,-0.02047642253,0.0001121849125,0.9474268439,0.0002959406151,1.158614787,0.0005590707211,0.8789506908,3.154178535e-05,0.9383038503,0.0003854198526,-0.001091131317,0.001028446118,0.004352285945,0.004616470684,0.002792739494,7.085377238e-05,-0.001313292819,1.79442614e-06
1.1,0.9,0.2820534736,0.003517794818,4,0.001758897409,-0.01960832217,7.091749737e-05,0.9497148439,0.0001866490658,1.15168079,0.001426916514,0.8990086989,1.123998436e-05,0.945577467,0.0002893104766,-0.004034596746,0.00136831824,0.01688926953,0.004596889963,0.002780885021,6.223072528e-05,-0.001319258596,2.29393063e-06
1.1,0.95,0.5009032414,0.006259984482,4,0.003129992241,-0.01413561456,5.555114717e-05,0.9640134153,0.000144074044,1.144794004,0.001986771021,0.9493875119,3.802298971e-06,0.9678069134,0.0001326098895,-0.003766442618,0.001651982625,-0.005190603362,0.002090620262,0.002835454907,8.494248023e-05,-0.001337654019,2.588795666e-06
1.1,0.96,0.5755301435,0.008729255509,4,0.004364627754,-0.01223342381,6.543735207e-05,0.9689338447,0.0001688623504,1.143610753,0.0008048680379,0.9594806525,1.462129589e-05,0.9732204582,0.0002300459797,-0.004054341575,0.000952450552,0.003483275519,0.004020376542,0.002738866989,0.0001710041466,-0.001339822523,4.206411681e-06
1.25,0.88,0.6979106694,0.00635072368,4,0.00317536184,-0.04048402995,0.0001171103588,0.8930730809,0.0003278322144,1.355229688,0.001362960828,0.8750075023,6.934627654e-06,0.9076848826,0.0001823765283,-0.00644274614,0.001503077462,0.01426702297,0.00320217519,0.002620286392,7.591605315e-05,-0.001315390232,1.961021764e-06
1.25,0.9,0.7480511204,0.008998370197,4,0.004499185099,-0.03512207001,0.0001681077344,0.9079587035,0.0004628365647,1.350977315,0.002103210862,0.8958109953,8.310922399e-06,0.9199171098,0.000174671651,-0.01014256419,0.001598259625,0.01199697834,0.002935404245,0.00283030937,7.262175317e-05,-0.001324202699,8.712194566e-07
1.25,0.96,0.8875524942,0.01179480319,4,0.005897401593,-0.01548721428,1.87777752e-05,0.9605019112,4.887558134e-05,1.339511479,0.001856758187,0.95829225,9.404087241e-06,0.9596689575,0.0001442597876,-0.005691259356,0.001808327685,-0.003613293638,0.003700929898,0.002750392644,0.0001014349047,-0.00135505302,5.540948305e-06
1.5,0.5,0.5602217343,0.01089529966,4,0.005447649828,-0.1295560413,0.0005732917343,0.5934663902,0.00241087878,1.905137251,0.006488206482,0.4573068444,3.75942408e-05,0.5522634524,0.000500393275,0.0265989193,0.002687538096,0.1728895449,0.005796125467,0.003465119267,0.0001130806447,-0.001165771619,2.484669458e-06
1.5,0.55,0.6013314829,0.004837817315,4,0.002418908657,-0.1243141529,0.000964758106,0.6151285678,0.003919212894,1.880473551,0.00469146568,0.510349083,2.813253365e-05,0.5872513852,0.0006501790332,0.0108764878,0.004226994316,0.1213286995,0.008105550438,0.003758185247,0.0001825262188,-0.001182078586,4.966150201e-06
1.5,0.6,0.6365949367,0.006665482446,4,0.003332741223,-0.1172627682,0.0004453723641,0.6431773844,0.001733131513,1.850280419,0.005239267151,0.5638714308,4.74160961e-05,0.6259830327,0.0008799425784,0.01283719581,0.005099832014,0.1197949652,0.007505305529,0.00331753029,0.0001566566523,-0.001203651295,3.154194138e-06
1.5,0.65,0.6832117293,0.008134123931,4,0.004067061966,-0.1086655542,0.000154007126,0.6757745582,0.0005702053971,1.842448887,0.004425489091,0.6174836856,6.026390029e-05,0.6670772903,0.0005256184007,0.004533638004,0.004543419823,0.07340077045,0.01259521975,0.002753039181,0.0001974170235,-0.001220167426,3.237944815e-06
1.5,0.7,0.7220522679,0.01548253931,4,0.007741269656,-0.09818332554,0.0001996904698,0.7134997575,0.000699614111,1.81374766,0.005623212008,0.671580769,6.785504351e-05,0.7037078205,0.0005259582607,0.002259259192,0.003439050575,0.05745252792,0.01120107169,0.002794535194,0.0002881636862,-0.001235314544,4.185764018e-06
1.5,0.75,0.7710980413,0.01064607238,4,0.005323036192,-0.08649749154,0.000363771057,0.7533313891,0.001205614295,1.799521782,0.005756674675,0.725746684,1.970023404e-05,0.7434439966,0.001359620958,-0.006952101189,0.002145629012,0.04079254395,0.004390126113,0.002628520011,0.0001193523529,-0.001253428929,3.159381545e-06
1.5,0.8,0.8304799743,0.005718158797,4,0.002859079398,-0.07286809762,0.0003869968241,0.7972798096,0.001213405711,1.775678082,0.004527061964,0.780178101,6.863432932e-05,0.7845249077,0.001123174311,-0.008549013618,0.002586558549,0.006862719481,0.002860098811,0.003090141141,0.0001547723667,-0.001279935888,3.961733453e-06
1.5,0.85,0.8600313674,0.008325066397,4,0.004162533198,-0.0571556838,0.0003086477527,0.8451148342,0.0009124946332,1.771559593,0.004648497655,0.8348023828,2.882780493e-05,0.8255067134,0.0006770303078,-0.01647219858,0.001778387495,-0.004307552949,0.007080924168,0.00264640561,0.0001496276017,-0.001291482853,4.564070911e-06
1.5,0.88,0.9005328219,0.01197359274,4,0.005986796371,-0.04747303824,0.0001218527135,0.8732894387,0.000348801922,1.747493533,0.001557871641,0.8676791214,2.010996793e-05,0.8509791518,0.001012740885,-0.009720766943,0.001611611358,0.008172196682,0.006318672274,0.002974246518,0.0002732585568,-0.00131795508,3.89164933e-06
1.5,0.9,0.908973386,0.01537422107,4,0.007687110535,-0.03979775583,0.0002063766635,0.8949917451,0.0005765222083,1.74984567,0.006686195611,0.8896330989,4.532626376e-05,0.866881512,0.002070832276,-0.01153780237,0.002856720549,0.004676344662,0.006158256206,0.002441443707,2.824567017e-05,-0.001313224377,1.1878799e-06
1.5,0.95,0.963514721,0.002587205435,4,0.001293602717,-0.02091762874,8.670848181e-05,0.946261961,0.0002290722915,1.725501782,0.002589910381,0.9447123651,3.486917138e-05,0.9077274023,0.0005261000984,0.0003231941045,0.001634530836,-0.005998089177,0.003717291916,0.002829847172,5.995629003e-05,-0.00133933569,1.892364728e-06
1.5,0.96,0.9634594752,0.01190069888,4,0.00595034944,-0.01703231424,3.310829641e-05,0.9564718534,8.65337794e-05,1.736854904,0.006063797359,0.955789203,2.361318472e-05,0.9154348503,0.0008376647087,-0.006982879038,0.004469404912,-0.001433020701,0.006198899367,0.002266490582,0.0001681838268,-0.001348286252,5.577466586e-06
2,0.5,0.8700298964,0.01173829496,4,0.00586914748,-0.1451123279,0.0005105812429,0.5238515777,0.002441667503,3.020175636,0.008455923709,0.4187143316,0.0001139207375,0.3761414323,0.0006675888876,0.03643834141,0.00451372208,0.1702437274,0.01082776063,0.00542609763,0.0004374453014,-0.001137841212,6.111812329e-06
2,0.55,0.8982155996,0.02266423228,4,0.01133211614,-0.1393909977,0.0009152199265,0.5504481819,0.004155748964,2.958034657,0.01118317664,0.4733255371,7.366121032e-05,0.4214494448,0.002057386891,0.02506504498,0.004533472964,0.1863703045,0.01839258158,0.004649077935,0.0002321158765,-0.001158655082,2.879280913e-06
2,0.6,0.9055693073,0.02180858402,4,0.01090429201,-0.1321889905,0.001087671661,0.5822282565,0.004665644517,2.895603388,0.01121015869,0.5293371165,8.180122469e-05,0.4707793586,0.002603119656,0.0247301126,0.005702136425,0.1088755897,0.02095366803,0.003913342778,0.0003369101821,-0.001181741187,1.752587385e-06
2,0.65,0.9273312291,0.01693239451,4,0.008466197255,-0.1212990469,0.0009265997227,0.627267282,0.003675252023,2.852953867,0.01925397397,0.5859942576,9.048850575e-05,0.5181532996,0.0007420860715,0.00750075147,0.00443993684,0.0750395765,0.01434123081,0.002950078873,0.0003374448498,-0.001197207232,1.834243683e-06
2,0.7,0.935025239,0.02375205927,4,0.01187602963,-0.1097080133,0.0005264189282,0.6718991034,0.001960289497,2.808746752,0.00900492831,0.6431249366,1.139845051e-05,0.5691437144,0.001421851998,0.0008303676412,0.001633569055,0.06719828878,0.008315477731,0.002776958139,0.0003115017235,-0.001220125961,3.046321322e-06
2,0.75,0.9513300757,0.03458875607,4,0.01729437803,-0.09576267447,0.0004784776847,0.72192688,0.001654051076,2.779935812,0.005408726899,0.7010180913,5.300167028e-05,0.6161458955,0.001081145187,-0.006346243395,0.002791675323,0.03531500741,0.006288226997,0.002845229971,0.0001161474511,-0.001242733073,2.27089308e-06
2,0.8,0.9549574962,0.01404984057,4,0.007024920284,-0.08081733973,0.0005901335192,0.771947114,0.001910894236,2.737210374,0.01250608043,0.7594968702,6.482934875e-05,0.6676998569,0.002154957419,-0.01079299428,0.00194869462,0.03912027052,0.01224098272,0.002554513248,0.0001460342143,-0.001270068866,2.428763205e-06
2,0.85,0.96239586,0.01429960766,4,0.007149803832,-0.06326267795,0.000279959097,0.8268521391,0.0008466271617,2.71664256,0.01330620791,0.8186193868,4.60664502e-05,0.7143252903,0.00228051264,-0.01224004199,0.004974789017,0.01793169511,0.003623766199,0.002650771011,8.586777266e-05,-0.001290274088,2.124074182e-06
2,0.88,0.9748667824,0.01068014859,4,0.005340074295,-0.05227325879,0.000232901718,0.8594372163,0.0006775518917,2.699561537,0.01327593524,0.8544770763,3.208229951e-05,0.7479712315,0.0008460586833,-0.01773834387,0.001894905533,0.002406342013,0.003857160484,0.00255645103,0.0001044110017,-0.001306470389,3.463527354e-06
2,0.9,0.9821587574,0.0165426266,4,0.008271313299,-0.04444790665,0.0001800428861,0.8819068462,0.0005103466561,2.690338556,0.01035744195,0.878443864,2.526088785e-05,0.7641374924,0.0009362223874,-0.005573825103,0.00391406212,0.008559383911,0.005240049732,0.002673355715,0.0001574027264,-0.00131668666,6.496392951e-06
2,0.95,0.9904260008,0.009315614781,4,0.00465780739,-0.02329286634,8.280899529e-05,0.939965703,0.0002202452744,2.6636632,0.005190441406,0.9389348957,5.884102142e-05,0.8145811638,0.001146303476,-0.01156991306,0.002882743413,-0.006908938594,0.003382380217,0.002697988003,0.0001354363954,-0.001336072568,7.248361307e-06
2,0.96,1.0049088,0.01305446886,4,0.006527234431,-0.01884596032,7.036184345e-05,0.9517195469,0.0001848149999,2.647843653,0.01777135622,0.9511355647,1.794535878e-05,0.8253277579,0.001467633035,-0.006171642222,0.004660065325,-0.005781762624,0.005761748397,0.002354444279,0.0001361150931,-0.001332381351,1.491104353e-05
2.5,0.5,1.046919302,0.0168404755,4,0.008420237748,-0.1443476692,0.0008865511362,0.5274556379,0.004171495599,4.271881717,0.01754852759,0.3951173799,7.056707597e-05,0.2673593503,0.0008021170716,0.0492656653,0.003422313848,0.1363259387,0.006688905188,0.00708076909,0.0007968407097,-0.001139264406,5.736042838e-06
2.5,0.55,1.039622074,0.03544968642,4,0.01772484321,-0.1386766882,0.0005473439612,0.5537130122,0.002480530217,4.184861737,0.01105425608,0.4504749506,0.0001490786723,0.3193906488,0.002652535376,0.04145965133,0.002159021925,0.1895528618,0.04451368686,0.00581828855,0.0003294844947,-0.001161441699,4.095747003e-06
2.5,0.6,1.043526174,0.03222614446,4,0.01611307223,-0.1322829688,0.0004533239161,0.5818709216,0.001948204944,4.098921282,0.02960289837,0.5075481165,0.0001896388106,0.3723362573,0.002091251305,0.01820821067,0.004797264071,0.1058674913,0.01391273575,0.005113859011,0.0004700452143,-0.001187995536,7.801517344e-06
2.5,0.65,1.032915188,0.007129676442,4,0.003564838221,-0.1239028246,0.0002043709021,0.6168337008,0.0008291404719,4.023911639,0.01677617867,0.565486265,0.000122241192,0.4223795406,0.0002293650443,0.02152862904,0.007900882846,0.08729354654,0.008162491351,0.003695569846,0.0003556078263,-0.001214303795,7.86611611e-06
2.5,0.7,1.037568505,0.005832214297,4,0.002916107149,-0.1124155467,0.001184609058,0.6617109738,0.004503837635,3.978173954,0.03227510228,0.6245100738,0.0001014386055,0.4766495053,0.0009414081885,0.01010163472,0.005008608082,0.05764699535,0.01247331012,0.003428267596,0.0002458912649,-0.001233960902,4.702519056e-06
2.5,0.75,1.027504528,0.03645611859,4,0.01822805929,-0.09900932638,0.0007332687251,0.7105866462,0.002581106091,3.887319609,0.01433351038,0.6847888433,0.0001155089391,0.5317861284,0.0009341646569,0.004384971115,0.003355000843,0.04764452367,0.005036749195,0.003402345325,0.0003065638574,-0.001253426657,8.124053308e-06
2.5,0.8,1.018670843,0.01674437354,4,0.008372186768,-0.08435288711,0.0006549656199,0.7604089092,0.002149044205,3.831532129,0.01415405706,0.7457178467,0.0001011092675,0.5865698541,0.001045660243,-0.006091998673,0.001616686962,0.03043292872,0.006115689663,0.002447941612,0.0002543722313,-0.001290233642,3.083178746e-06
2.5,0.85,1.015383343,0.02099030473,4,0.01049515237,-0.0666674019,0.0005806041867,0.8164885375,0.00177563752,3.782763766,0.01440084805,0.8080165925,5.603940805e-05,0.6424690471,0.002176330249,-0.008367810977,0.005152232841,0.01394526998,0.003791016032,0.002729729599,6.825198503e-05,-0.001308312906,8.175407234e-06
2.5,0.88,1.021544549,0.0164241976,4,0.008212098801,-0.05481394383,0.0002974500642,0.8520140827,0.0008724893517,3.756111982,0.01193821443,0.8456115528,2.901564084e-05,0.6712702682,0.0009425696637,-0.01735469795,0.003447258033,0.01430858049,0.006945783492,0.002732880344,0.0004554655738,-0.001323444246,4.485427586e-06
2.5,0.9,1.005005049,0.01091443785,4,0.005457218923,-0.04689999394,0.0001191909211,0.8749283869,0.0003406421246,3.742871738,0.02610249041,0.8710409909,4.68268147e-05,0.6973648866,0.002309904998,-0.01492714089,0.002302984526,0.01360910377,0.01199497812,0.002450108597,0.0001498573687,-0.001340158947,2.88157108e-06
2.5,0.95,1.002227769,0.01064527121,4,0.005322635604,-0.02442044034,2.876558661e-05,0.9369619953,7.675551398e-05,3.7120165,0.0097368997,0.9350114593,6.484408459e-05,0.7517606963,0.001959559054,-0.002845432924,0.001909530158,-0.001211709722,0.003384672865,0.002741459984,0.0002003735192,-0.001349179211,1.589656835e-05
2.5,0.96,1.002880954,0.01362880176,4,0.006814400881,-0.01989275982,7.096125375e-05,0.9489658034,0.000186934935,3.672608914,0.01300786733,0.9479846761,4.884308513e-05,0.7644958713,0.0009699009408,-0.009402156324,0.006014431704,-0.001637283614,0.005482367837,0.002474149628,0.0002831145997,-0.001374026906,4.978670004e-06
3,0.5,1.12702804,0.03609381906,4,0.01804690953,-0.1427700668,0.001254276675,0.5348329949,0.00586893749,5.609421297,0.03248217808,0.3804646243,0.0002451381127,0.208545015,0.001386999063,0.04807319856,0.00364574946,0.1801463638,0.006055268084,0.009544033422,0.0007247855402,-0.001133924605,7.70304402e-06
3,0.55,1.095326162,0.02643074913,4,0.01321537456,-0.1378964211,0.0004637628133,0.5572296276,0.002084582738,5.535632245,0.03196501711,0.4359795669,4.790183494e-05,0.2562347903,0.001740054761,0.04599310882,0.005293889447,0.163757895,0.01289513404,0.006983894494,0.0004431350834,-0.001164294045,1.089576136e-05
3,0.6,1.096128271,0.01863046704,4,0.00931523352,-0.1308715604,0.001339225759,0.5878305864,0.005697945198,5.421966533,0.04409313133,0.4936765899,0.0001243176375,0.3072984399,0.003452603267,0.02728456019,0.00494995081,0.1197101856,0.00404517928,0.00570251611,0.0002997238557,-0.001176939241,6.242964996e-06
3,0.65,1.08266245,0.0054235118,4,0.0027117559,-0.124896476,0.0005986465728,0.6127802477,0.002448666504,5.28222233,0.009203954515,0.5526786282,0.0001915281359,0.3695934173,0.0007838264706,0.01439249957,0.004414351563,0.1183034859,0.03455449649,0.005054251525,0.0001159568506,-0.00120542826,9.642836814e-06
3,0.7,1.071108416,0.02209178625,4,0.01104589313,-0.1115977513,0.0006361876425,0.6648263516,0.00239205391,5.242365512,0.02495451877,0.612626584,6.642069131e-05,0.4217936148,0.002729871411,0.008256382575,0.003312204183,0.04464795515,0.002016280279,0.004376787857,0.0002512967225,-0.001240940389,1.105230065e-05
3,0.75,1.064024026,0.04440187266,4,0.02220093633,-0.09906408176,0.001107659465,0.7103763067,0.003877026681,5.120118299,0.03484144083,0.6743429386,0.0001483919032,0.4773987489,0.002315852493,-0.003810579037,0.006192636242,0.04935790412,0.01020995311,0.002961552173,0.0001712986135,-0.001267059542,7.19106283e-06
3,0.8,1.057226609,0.03091633176,4,0.01545816588,-0.08541818339,0.0005284132009,0.756901561,0.001742606714,5.022453291,0.02983098706,0.7371088605,9.721155726e-05,0.5348413001,0.001303925902,0.001891513699,0.006300168592,0.01847307626,0.008159609428,0.003094166945,0.0001445037655,-0.001281374837,1.06609327e-05
3,0.85,1.03673287,0.0178591071,4,0.008929553551,-0.06841720872,0.0003360665277,0.81111697,0.001035603094,4.965640141,0.004723994975,0.8010493659,0.0001115650949,0.5963835158,0.002765261846,-0.01011443599,0.009477573762,0.002786877325,0.001256426909,0.00279720595,0.0002828287562,-0.00132831671,4.033628074e-06
3,0.88,1.027007365,0.01506132943,4,0.007530664717,-0.05614630128,0.0005254245468,0.8480927254,0.001551634316,4.882663289,0.02455607399,0.8398745409,9.868581691e-05,0.6340342382,0.004109530265,-0.01436431916,0.00456840495,0.003711502966,0.007425730124,0.003131169686,0.0003207412101,-0.001321697816,7.220934864e-06
3,0.9,1.024686006,0.007981123229,4,0.003990561615,-0.04753077181,0.0002354407002,0.8731235759,0.0006738460922,4.914497463,0.03192225977,0.8661038363,6.347475905e-05,0.6560991005,0.00185364722,-0.01786282715,0.003940964437,-0.004003762335,0.006673945934,0.00272353414,0.0002501659528,-0.001345150689,1.237369743e-05
3,0.95,1.004638415,0.02166217877,4,0.01083108939,-0.02544862201,0.0002065709147,0.9342140939,0.0005528117311,4.878326474,0.01432542265,0.9324447199,6.681730352e-05,0.7171736043,0.002607058089,-0.003477552767,0.005175945837,-0.004733305848,0.007123435375,0.002365339102,0.0004908178087,-0.001376449622,9.0158195e-06
3,0.96,1.022300807,0.03104426109,4,0.01552213055,-0.020500326,0.000165482902,0.9473636039,0.0004366896494,4.813624893,0.006802891172,0.945814763,4.26936349e-05,0.7270757032,0.001026136003,-0.006553294846,0.002089944707,-0.001030191643,0.005070164061,0.002870620194,0.0001314692853,-0.001398896836,9.941158434e-06
