AR,alpha,DEM_Tstar,legacy_Tstar,DEM_theta,legacy_theta,DEM_Pk_xx,legacy_Pk_xx,DEM_Pk_yy,legacy_Pk_yy,DEM_Pk_zz,legacy_Pk_zz,DEM_Pk_xy,legacy_Pk_xy,DEM_N1k,legacy_N1k,DEM_N2k,legacy_N2k,DEM_collisions_per_strain,legacy_collisions_per_strain,DEM_S2,legacy_S2
1.0,0.5,103.77740138636128,106.10780871487404,0.996554017976066,,1.67649187059803,1.6690816500803196,0.6304322910587357,0.6348653803807793,0.6930758377900601,0.6960533881854536,-0.5762000834898592,-0.5730915936465393,1.0460595795392944,1.0342162696995405,-0.0626435467313244,-0.0611880078046743,1.3709958245370368,1.3510540826140949,0.0073812824528481,
1.0,0.55,117.17715099356062,119.90022360138256,0.985580329665298,,1.6167218789200788,1.6118545643555775,0.6627155290169943,0.6653412707709534,0.7205625915658992,0.7228064822888715,-0.5644266968625282,-0.5618305746818106,0.9540063499030844,0.9465132935846244,-0.0578470625489049,-0.057465211517918,1.4642008599537035,1.4381690232848232,0.0040297437827871,
1.0,0.6,134.91439081133868,137.07565591315063,0.9870346161945368,,1.5553509709904418,1.5523196308267662,0.6928097210192213,0.6965067986594058,0.7518393074786699,0.7511720845875103,-0.5479498584131622,-0.54616063473612,0.8625412499712205,0.8558128321673606,-0.0590295864594485,-0.0546652859281046,1.5756640969907407,1.5432240014174443,0.0034070365167358,
1.0,0.65,156.95911161817256,159.83623243707942,0.9650224148270452,,1.495695264933306,1.4916391907847872,0.725943251996743,0.7298081334955281,0.7783614825851344,0.7785537881682869,-0.5299487373238784,-0.5277396200497783,0.7697520129365629,0.7618310572892593,-0.0524182305883913,-0.0487456546727587,1.7032690868055556,1.6727327133970245,0.0045782367186929,
1.0,0.7,188.7893290263721,191.3711367106584,1.0041179883978717,,1.4296091229946275,1.427946111173197,0.7630463035049326,0.7651361720285701,0.8073445729912535,0.8069182371403191,-0.5066019786644921,-0.5047197353038149,0.6665628194896951,0.6628099391446269,-0.0442982694863208,-0.0417820651117489,1.8714867592592592,1.8342249299716813,0.0037123653018501,
1.0,0.75,233.6994561805685,234.76477311573973,1.0057518414831703,,1.3632424348094097,1.3640269614135256,0.7968421969788506,0.7974084934074511,0.8399153677392354,0.8385644768122119,-0.477838164592287,-0.4743778597940229,0.566400237830559,0.5666184680060747,-0.0430731707603847,-0.0411559834047607,2.0887736849537037,2.0398139083337234,0.0023495983379293,
1.0,0.8,299.2177906798715,302.59647843447004,1.0014267740490712,,1.2967798367638406,1.2956225360925686,0.8349519694754384,0.8356095713762584,0.8682681932885747,0.8687687214281168,-0.4408415556538069,-0.4385005754961115,0.4618278672884022,0.4600129647163101,-0.0333162238131363,-0.0331591500518583,2.3761632317129635,2.31940078963292,0.0068376036129011,
1.0,0.85,409.20231590999504,414.45156305869386,0.9931215631423228,,1.22580988692878,1.2276780276951131,0.8720831466177399,0.8723151976893466,0.9021069659530222,0.9000062207874006,-0.3932414409213368,-0.3929516647979266,0.3537267403110402,0.3553628300057665,-0.0300238193352823,-0.0276910230980538,2.7809258219907407,2.727890047988269,0.0046234061195567,
1.0,0.9,637.8589117952656,642.9926019631176,0.9991462631130849,,1.1564161601645424,1.1550953542022424,0.9115507375975432,0.9131398666039592,0.9320331017329192,0.9317637596152488,-0.3324223796040853,-0.3315082084583233,0.244865422566999,0.2419554875982832,-0.0204823641353759,-0.0186238930112895,3.487137513425926,3.4116941878054647,0.002843892141999,
1.0,0.95,1332.6086630420011,1336.0129558167732,1.039298248350279,,1.0785274228456985,1.0805325887781454,0.9543616729276088,0.954577601457308,0.9671109037226294,0.9648897924180015,-0.2438147833816168,-0.2427372893420631,0.1241657499180896,0.1259549873208373,-0.0127492307950205,-0.0103121909606937,5.055068318981482,4.937584529430211,0.006134710260436,
1.5,0.5,135.71632350735456,142.62780750363373,1.0876163229153155,0.939628958806115,1.6970016168590043,1.5679498165083667,0.61824616308238,0.6901724856920577,0.6847522203898923,0.7418763189236419,-0.5791872682862409,-0.5504111699330778,1.0787554537766244,0.8777773308163093,-0.0665060573075122,-0.0517038332315842,1.5704019087962964,1.560153723519118,0.0247700200967188,0.0001953443022704
1.5,0.55,158.63745324165782,161.91808774966734,1.139263620808023,0.9648317171706524,1.6320196853737736,1.5222424371301126,0.6572994117694745,0.7148123134429342,0.7106809031540087,0.7629426627274998,-0.5685070148244632,-0.5373988862044518,0.9747202736042992,0.8074301236871785,-0.0533814913845341,-0.0481303492845655,1.6860676486111112,1.6684594967429454,0.0234573530307358,0.0003967394493055
1.5,0.6,183.4051433095979,186.4308247970546,1.1456460069505776,0.9943917918758396,1.5671908535486492,1.4717011491054195,0.6927441032946059,0.7420974835618512,0.7400650434770722,0.7862002449175843,-0.552421915651425,-0.5212873588956669,0.8744467502540433,0.7296036655435683,-0.0473209401824663,-0.0441027613557332,1.8117525777777777,1.7931428406389909,0.0217063987891824,0.0003998632614953
1.5,0.65,215.93565064886383,213.23837022898672,1.1518335967158702,1.0217117146946484,1.4966510697737254,1.423128101077925,0.7265780643981651,0.7687670273911436,0.7767708661494658,0.8081055958680587,-0.5326328239706364,-0.5024205457926618,0.7700730053755603,0.6543610736867818,-0.0501928017513007,-0.039338568476915,1.958613466203704,1.9284818358324567,0.0204252678367037,0.0003450886693804
1.5,0.7,259.1223199568216,250.96011026402144,1.145110477138142,1.0356116424219268,1.435178506518048,1.3702557624171354,0.762451068032242,0.7954423190594706,0.8023704257639788,0.8343000318796909,-0.5093771691498392,-0.4778765425171797,0.672727438485806,0.5748134433576644,-0.0399193577317367,-0.0388577128202202,2.1452992206018515,2.099918557184035,0.0198611744631337,0.0003565975884173
1.5,0.75,316.15540915120766,311.30061678324967,1.1243512800172533,1.0435872670609068,1.3651352279727362,1.3078174436394046,0.7986382666384451,0.8292815857795106,0.8362265056863161,0.8629005318148272,-0.4780175632872885,-0.4456001403639125,0.5664969613342912,0.4785358578598939,-0.037588239047871,-0.0336189460353165,2.367047056944444,2.3432139748927243,0.0179143677819811,0.0001785916440453
1.5,0.8,405.6345838336159,385.4676385584785,1.1050423643564369,1.0615726098958391,1.2985817692605683,1.2550997704710916,0.8369196830846749,0.8579064693722922,0.8644985479428269,0.8869959156175216,-0.4429030380533289,-0.411526959959036,0.4616620861758934,0.3971933010987993,-0.0275788648581519,-0.0290894462452293,2.687580678240741,2.622777922236692,0.015855736532339,0.0002435971745028
1.5,0.85,556.2773585301143,515.5956058159004,1.0814059149054132,1.0455109961651332,1.2280125383319676,1.1975482072930426,0.8746054981737361,0.8905059412086755,0.8973819638397227,0.911945994973524,-0.3954314355725919,-0.3697787587111245,0.3534070401582314,0.307042266084367,-0.0227764656659865,-0.0214400537648485,3.141040403009259,3.04915213921634,0.012946155923374,0.0001655530984399
1.5,0.9,843.7429731074967,780.7270864031406,1.0562658522924715,1.0314288263838431,1.1556567873650947,1.1365920732066397,0.9130642194541344,0.9242948198099528,0.9312789935675068,0.9391130182798144,-0.3324223252939983,-0.3126124799578007,0.2425925679109601,0.2122972533966868,-0.0182147741133723,-0.0148181984698617,3.872436853703704,3.768404898411952,0.0113679983636195,0.0001789561914358
1.5,0.95,1732.719088051237,1581.7436815667852,1.026524155030038,1.0184615914891342,1.0792383474763447,1.0711710240486083,0.9549123682098816,0.9590139864434648,0.9658492846042076,0.9698149355173056,-0.2431607492740549,-0.2293264324959908,0.124325979266463,0.1121570376051436,-0.0109369163943259,-0.0108009490738408,5.5533346428240735,5.402163415179021,0.0081854125781556,0.0003127246427782
2.0,0.5,143.78647953991074,144.90960907218994,1.1420813089035364,0.9491997037026412,1.718500989528603,1.5437259341919922,0.6116353346279069,0.7031858757822518,0.6698636760630964,0.7530863001427566,-0.5817241261348343,-0.5433178527774749,1.106865654900696,0.8405400584097406,-0.0582283414351895,-0.0499004243605048,1.7585669638888888,1.6787816874223562,0.0202646318899942,0.0008355321810311
2.0,0.55,168.72859502132397,166.9415361685186,1.182805417258723,0.973984704821186,1.6524552035128262,1.4961118949825116,0.6438929054933883,0.7293553021141792,0.7036518912267572,0.7745336674560852,-0.5687440079414449,-0.5287096122785648,1.008562298019438,0.7667565928683325,-0.0597589857333689,-0.045178365341906,1.8942644537037037,1.8077114079793395,0.0198252475876678,0.0002527270318992
2.0,0.6,200.70051781744783,189.2757689045513,1.198009373188646,1.0070324078270003,1.5819492251814575,1.4520150438554114,0.6868808539865185,0.7531910230228424,0.7311699210578152,0.7947947640744386,-0.5569065500494172,-0.5136407821754109,0.895068371194939,0.698824020832569,-0.0442890670712966,-0.0416037410515963,2.055003233333333,1.934819310591956,0.0189890648862764,0.0004124769940661
2.0,0.65,233.9291430024402,222.43967191321372,1.1948643534107266,1.025993236564708,1.5119719000935825,1.3965969301833283,0.7219667286961633,0.7824681936094472,0.7660613714304426,0.820935954274161,-0.5364164718196448,-0.4905087790093222,0.7900051713974192,0.6141287365738813,-0.0440946427342793,-0.0384677606647138,2.210402470833333,2.1025221246773924,0.0165278730978125,0.0005488661597684
2.0,0.7,284.6389171716252,263.51681188203383,1.1906562914147567,1.0441748419500323,1.4383995448671365,1.3439270026534371,0.7615837463226381,0.8106290399024698,0.8000167090101388,0.8454453336188583,-0.5100230958574195,-0.4646270973865622,0.6768157985444984,0.5332979627509676,-0.0384329626875006,-0.0348162937163884,2.4180403800925925,2.301233251960288,0.0173896818655746,0.000390731376327
2.0,0.75,349.72363112420066,325.6720874541349,1.1676450367192182,1.063877048032661,1.3769162784845896,1.2891968056878254,0.794054902617209,0.8415790836682024,0.8290288191188234,0.8692215917106845,-0.4805169510372351,-0.4355068847771372,0.5828613758673806,0.4476177220196227,-0.0349739165016144,-0.027642508042482,2.681742826157408,2.557685041247907,0.016348828246176,0.0003642020678789
2.0,0.8,443.77215073270287,429.020598937204,1.137280446079861,1.0744200554964043,1.300137247647989,1.2254964248151614,0.8345162201023714,0.8759335285957267,0.8653465324768116,0.8985702688197048,-0.4441222344471619,-0.3925889307655956,0.4656210275456177,0.3495628962194346,-0.0308303123744402,-0.0226367402239781,3.01893957662037,2.9423720670347446,0.0142600745964071,0.0005259931572694
2.0,0.85,596.2428941338671,561.8224694260015,1.105604583047371,1.0584203975930109,1.2321172881306892,1.177279126158277,0.873357966252484,0.9019158276115464,0.8945247458786109,0.9208068854897729,-0.3953397414669981,-0.3512007581746543,0.3587593218782052,0.2753632985467307,-0.0211667796261268,-0.0188910578782264,3.503427666898148,3.3867242092206467,0.0111521076171267,0.0003609873870848
2.0,0.9,914.7177801634951,849.406852771789,1.0678507768734555,1.0397828870553534,1.1523956804778923,1.1224309146665772,0.9138465543518572,0.9309189907619944,0.93375776538164,0.946649646738584,-0.33536089418293,-0.2964424787806562,0.2385491261260354,0.1915119239045826,-0.0199112110297829,-0.0157306559765894,4.333109199768519,4.191364126379878,0.0091729126681078,0.0002131328478454
2.0,0.95,1859.633846297427,1724.5563182955475,1.0360826539494776,1.0190315887130337,1.0783772635855686,1.0626283692359038,0.959464121172818,0.9651166023000872,0.9621586154868376,0.972255699340677,-0.24410353721934,-0.2156033696839416,0.1189131424127507,0.0975117669358165,-0.0026944943140196,-0.0071390970405898,6.159414594907408,6.0088391972040025,0.0070121478806163,0.0002110364172628
2.5,0.5,140.2473823117061,137.5225985646802,1.1531131533036103,0.9589080235261828,1.7403653642351278,1.5197904133559683,0.6013796342101431,0.7158719864231896,0.6582550016863744,0.764339015093731,-0.5829696283053417,-0.5370119348491931,1.1389857300249848,0.803918426932779,-0.0568753674762313,-0.0484670286705413,1.862419087962963,1.769766728836005,0.0179795015852368,0.0002971050243637
2.5,0.55,171.18514125659465,156.0950166796663,1.1930799798182363,0.9899344231720788,1.6642283625316874,1.4857262706773793,0.646642243831648,0.7344535336022984,0.6891293937550549,0.7798156991434908,-0.5759423900365107,-0.5260351677396691,1.0175861187000392,0.7512727370750809,-0.0424871499234068,-0.0453621655411925,2.030350089583333,1.8952620004374592,0.0177512478434639,0.0001482703804729
2.5,0.6,198.77078663393448,178.57352604327446,1.2159818516195646,1.0197439340423555,1.5925709941674326,1.4424625963906317,0.6807427439056426,0.7577254635491758,0.7266862620566523,0.7998087337877468,-0.5569774434686141,-0.5095917640652643,0.91182825026179,0.6847371328414558,-0.0459435181510097,-0.0420832702385708,2.1837563666666666,2.0310452727802204,0.0169756246340585,0.0003022516718286
2.5,0.65,235.22890678533687,206.1669925663168,1.2129083322177086,1.044062353062777,1.523530347896917,1.395039351448908,0.7150081048809952,0.7834963233261483,0.7614615473617466,0.8214613095673375,-0.5383633147591288,-0.4892253304563532,0.8085222430159219,0.6115430281227598,-0.0464534424807514,-0.0379649862411891,2.3836968020833336,2.192045663787347,0.0172265347735675,0.0002190467200583
2.5,0.7,284.3976268105096,240.76953622731892,1.209834453304764,1.0657812703689458,1.4545639716515175,1.3452606640950804,0.7544796655946837,0.8092900167913721,0.7909563628746994,0.845445476488341,-0.5133863796681226,-0.4661074270609692,0.7000843060568338,0.535970647303708,-0.0364766972800156,-0.0361554596969687,2.600411335185185,2.377647806713155,0.0142904911104269,0.000263514547374
2.5,0.75,352.3920273992247,295.6246325018752,1.1865980431468333,1.08463515667789,1.378576653633202,1.2903235494998526,0.7900497383100974,0.8398363252477273,0.8313736081624512,0.8698421223521972,-0.482704988664984,-0.435873635306006,0.5885269153231046,0.4504872242521253,-0.0413238698523538,-0.0300057971044698,2.885096901851852,2.6479639543516567,0.0134754426049919,0.0007926924190072
2.5,0.8,445.2963273500853,374.50474732828457,1.1553025862170505,1.101121973851441,1.310540143322085,1.2380219848594307,0.8320511218372829,0.8682717379861636,0.8574087349668397,0.8936996722308996,-0.4470133603353208,-0.3997057685888256,0.478489021484802,0.3697502468732671,-0.0253576131295567,-0.025427934244736,3.236328207175925,2.995462828644601,0.0120733568536736,0.000409080430218
2.5,0.85,604.7915951283808,493.3206960682176,1.12271339568866,1.0792726940762185,1.2374751523090557,1.1847011367561084,0.8666981728340004,0.897604368648449,0.8958266749239375,0.9176930500857938,-0.398035190646296,-0.3590363335370746,0.3707769794750553,0.2870967681076593,-0.0291285020899371,-0.0200886814373448,3.7826426777777775,3.449004070384816,0.0115908161878124,0.0002023611722713
2.5,0.9,917.3200997937976,740.93799462733,1.0759105025627302,1.058761798784816,1.158314104102018,1.1290687268600266,0.9152930953313024,0.929192538286843,0.9263928007231844,0.9417379592165972,-0.3382006614158103,-0.3050738648499512,0.2430210087707155,0.1998761885731836,-0.0110997053918819,-0.0125454209297542,4.646513669907407,4.264359507619367,0.0080851347931626,0.0002977267210857
2.5,0.95,1871.688969168116,1480.803603014599,1.0403661550815797,1.0296838102208734,1.0848223582849323,1.0672968278625548,0.9543427667603334,0.9620855037726476,0.960834875067975,0.970619098550678,-0.2464746105526565,-0.2236639508636597,0.1304795915245989,0.1052113240899071,-0.0064921083076416,-0.0085335947780304,6.629924939814814,6.090345992446929,0.005921353716255,0.0003111890998642
3.0,0.5,136.2181490968493,123.7009441618217,1.170502620313792,0.9785663329214042,1.751220159936205,1.5195525674757973,0.5991174916763685,0.7169993860183542,0.6496623481441001,0.7634477327058796,-0.5872457072564948,-0.5370648796110636,1.1521026682598363,0.8025531814574431,-0.0505448564677315,-0.0464483466875254,1.9585422405092592,1.8173186879116847,0.0171369890010604,0.0002665002663169
3.0,0.55,163.99267957438192,139.88150717039363,1.1951908596646288,1.0056298222179183,1.670106646316029,1.4847294564572309,0.6420197886145488,0.7363661157278902,0.6878735648436137,0.7789053969383211,-0.5781240530781774,-0.5259861553075729,1.02808685770148,0.7483633407293406,-0.0458537762290649,-0.0425392812104306,2.1214647888888885,1.943100322998716,0.019392275839933,0.0004770704103115
3.0,0.6,191.22850254826008,163.16697353849048,1.2209070568505316,1.025679725201913,1.6007454631783304,1.434290053030319,0.6742535433796496,0.7628331443835651,0.7250009931943421,0.8028798535927184,-0.5559997196847732,-0.5071303997586589,0.9264919197986808,0.6714569086467539,-0.0507474498146924,-0.0400467092091532,2.271636866435185,2.10396711672841,0.0182197226989451,0.0005127366019238
3.0,0.65,228.21731878909324,180.84939181128917,1.2202008941854685,1.0597536810304444,1.5227234238337573,1.4009875962243905,0.7144659497697425,0.780526220987296,0.7628106261158257,0.8184831967607259,-0.5368415782664544,-0.4921084886771373,0.8082574740640147,0.6204613752370942,-0.0483446763460831,-0.0379569757734298,2.481992769675926,2.2280656952375497,0.0154988123773268,0.0003635465022007
3.0,0.7,274.16315706086795,220.20759435439663,1.2062474943721335,1.074525897685097,1.4526422431569623,1.342898279695386,0.753374935349094,0.8109020852217894,0.7939828212783432,0.8461973938306848,-0.5147353506363651,-0.4649191814011552,0.6992673078078683,0.5319961944735965,-0.0406078859292491,-0.0352953086088954,2.714125274074074,2.4658437477344024,0.0143364769043893,0.0002277308909757
3.0,0.75,336.0277766865352,269.98321362734384,1.1799508982262747,1.0897814079868475,1.3799343370921031,1.287931572265944,0.7892930774265207,0.8412692382074242,0.8307725852902851,0.8707972140850716,-0.4845886997454111,-0.4330525377029321,0.5906412596655825,0.4466623340585198,-0.0414795078637644,-0.0295279758776475,2.989854412037037,2.7448316756865827,0.0145267579566346,0.0003189109227742
3.0,0.8,440.471137981378,331.35386809117085,1.15863403498948,1.1142995299133531,1.3076663403789242,1.2430298192917335,0.8341006758740187,0.8658029099605576,0.858232983522275,0.8911686753825483,-0.450876205697566,-0.4041276087148313,0.4735656645049054,0.377226909331176,-0.0241323076482562,-0.0253657654219906,3.4079655287037034,3.062372597884936,0.0121012953756094,0.0005512497027736
3.0,0.85,592.877027004208,452.45485680102576,1.1141716570001965,1.0856037383331436,1.2383315752681603,1.181791926232234,0.8729835878823737,0.8990477333158353,0.8886848366582155,0.9191613930880308,-0.405424594000755,-0.3580417324831498,0.3653479873857868,0.2827441929163987,-0.0157012487758417,-0.0201136597721956,3.9681165805555554,3.5837332491756544,0.0106079337365591,0.0002193167831642
3.0,0.9,904.9825914416784,676.5787426052251,1.0813321190566605,1.06024180962167,1.1640637618059744,1.1267409955249048,0.911243147279966,0.930006576844933,0.9246930906932754,0.943251656094922,-0.3400696820440963,-0.3031466413005927,0.2528206145260084,0.1967344186799717,-0.0134499434133095,-0.0132450792499889,4.883050756712962,4.432255789678864,0.0076075933558651,0.0002467961772631
3.0,0.95,1809.8874225587947,1323.6263948002438,1.0392337139543053,1.0337144023284213,1.0843786838230272,1.0681249525597316,0.9540747155542578,0.960332097937409,0.9615466003923552,0.9715399304663704,-0.2469785484687868,-0.2254408619971417,0.1303039682687693,0.1077928546223224,-0.0074718848380974,-0.0112078325289613,6.917141212962963,6.268462548488051,0.0055578917858415,9.130638386161796e-05
