AR,alpha,windows,Tstar,Tstar_se,theta,theta_se,a2_tr,a2_tr_se,a2_rot,a2_rot_se,Pk_xx,Pk_xx_se,Pk_yy,Pk_yy_se,Pk_zz,Pk_zz_se,Pk_xy,Pk_xy_se,Pc_xx,Pc_xx_se,Pc_yy,Pc_yy_se,Pc_zz,Pc_zz_se,Pc_xy,Pc_xy_se,P_xx,P_xx_se,P_yy,P_yy_se,P_zz,P_zz_se,P_xy,P_xy_se,S2_nematic,S2_nematic_blockse,drift_T,drift_Pxy,frac_binary,frac_multibody,frac_long,frac_same_partner,frac_rehit_0.01tau,frac_rehit_0.1tau,flag_windows,flags
1.5,0.5,240,135.71632350735456,0.7989178580924872,1.0876163229153157,0.00294843781776996,0.36353641962500005,0.005026640040433747,0.051549240160301164,0.0052521640047552606,1.6970016168590045,0.00276354717799119,0.61824616308238,0.0014653391261186459,0.6847522203898923,0.00242626439588852,-0.5791872682862409,0.0014791726061650992,0.039164819326468904,0.00014766635719365136,0.026508149799176657,5.695611641261785e-05,0.02741145298117261,8.883343537516361e-05,-0.007465693517851404,6.989685362872167e-05,1.7361664361854732,0.002803161091388948,0.6447543128815566,0.0014629395627585601,0.7121636733710647,0.0024681489947020263,-0.5866529618040922,0.001466220356818122,0.02477002009671881,0.0006630648071237858,-0.0227677865198089,0.0028036005612132758,0.9886187666451508,0.011381173838697472,0.0667772148878947,0.09097891515944029,0.021473307485833582,0.08880107366537429,3,C2R1
1.5,0.55,240,158.63745324165782,1.3446637431595063,1.139263620808023,0.005246028704261148,0.307340116375,0.004599396904067109,0.051149761425833336,0.0017625898719409955,1.6320196853737736,0.0016570111369762074,0.6572994117694745,0.0015339022082902119,0.7106809031540087,0.0017199986018040863,-0.5685070148244632,0.001704175031428499,0.03998688440762043,0.00012626281417402597,0.028411403073110516,0.0001256464756507251,0.028859674625298776,0.00010869350673878991,-0.0074332589258219615,5.76078164882274e-05,1.6720065697813942,0.0016953038512858968,0.6857108148425849,0.001541919563793305,0.7395405777793073,0.0017324613742055377,-0.5759402737502851,0.0016638110984531186,0.02345735303073581,0.0005494265230631956,-0.02065191451274664,0.006191327997064852,0.9917249949831737,0.00827500052092763,0.040445572821722994,0.08551408147091139,0.021203878077701053,0.08411801632140616,3,C3
1.5,0.6,240,183.4051433095979,0.7531641460198004,1.1456460069505776,0.004064482875380053,0.26470969895833335,0.004461082873494979,0.05216116134125,0.0036624133026952927,1.5671908535486492,0.0016542987602674844,0.6927441032946059,0.0014850169886137905,0.7400650434770722,0.0016216450578378939,-0.552421915651425,0.0020010069800707863,0.040864298189300215,0.00011027771230278978,0.030204617289258193,0.0001302138577219347,0.030531427959880366,5.878749021995706e-05,-0.007425643439518901,5.856800632266317e-05,1.6080551517379496,0.0015861010358565813,0.722948720583864,0.0015135351301507536,0.7705964714369526,0.0016132966905919683,-0.5598475590909437,0.0020112238197061644,0.021706398789182433,0.0005983401963705686,0.0012397557927671552,0.00010332580779981747,0.9933313017411296,0.00666870451848041,0.023571967909197602,0.07935564030256748,0.01835625199872082,0.0805244643428206,2,C2
1.5,0.65,240,215.93565064886383,1.0476144666056941,1.1518335967158702,0.004809582453918099,0.22240858225000001,0.0023432626415988878,0.041513800464,0.004230056726472828,1.4966510697737254,0.00217926759113437,0.7265780643981651,0.0017973942119127225,0.7767708661494658,0.0017551874226866676,-0.5326328239706364,0.0017695835457174358,0.04133269294635915,8.533686363332074e-05,0.031619740442328244,8.549846371800723e-05,0.032056866068972796,7.938987956059341e-05,-0.007270741094420097,5.583807769305726e-05,1.5379837627200845,0.0021392613510355703,0.7581978048404935,0.001835324319517001,0.8088277322184385,0.0017501156861523428,-0.5399035650650564,0.0017819398580294797,0.02042526783670378,0.0008391078833769382,0.007234257598530915,-0.003545176425019855,0.9950537070857289,0.004946297823634562,0.013048355260238361,0.07392976454904807,0.017457687300272223,0.07616285951000118,0,-
1.5,0.7,240,259.1223199568216,1.1264736197537795,1.145110477138142,0.004065012927962297,0.186294255375,0.0031413095425494838,0.031418451611229165,0.0029092936096613534,1.435178506518048,0.003103916599720546,0.762451068032242,0.001558895916118632,0.8023704257639788,0.003310945857089082,-0.5093771691498392,0.0014252801780243636,0.04165695313788986,0.00012027997101353713,0.03319377048465763,0.0001352857853454837,0.03364035043779749,8.020318410339429e-05,-0.007064904681636796,5.345113967998316e-05,1.4768354596559377,0.003077194111566028,0.7956448385168997,0.0016348555024200734,0.8360107762017762,0.003363881872149308,-0.516442073831476,0.0014050837654130597,0.019861174463133763,0.00047679679826012996,0.006774881193394197,-0.005133238639153204,0.9958073286590996,0.004192690390930321,0.0070520822951990435,0.06910607091837288,0.01721876024926205,0.07144418935170001,0,-
1.5,0.75,240,316.15540915120766,2.0369738398714574,1.1243512800172533,0.002970546812151611,0.15030991007083333,0.003732621180722019,0.02949584706829167,0.002329232074396931,1.3651352279727362,0.002646978903047584,0.7986382666384451,0.00243533746629078,0.8362265056863161,0.0018537180663353537,-0.47801756328728856,0.0012214572543815204,0.04206645922773505,0.00011652019145269242,0.03466582706265038,0.0001394712724352641,0.035090521777525426,8.795970056441822e-05,-0.006855823619910399,3.7619098428744424e-05,1.4072016872004711,0.0027028657310367425,0.8333040937010955,0.0024889412835055647,0.8713170274638417,0.0018708114515679968,-0.484873386907199,0.0012228784535722073,0.017914367781981154,0.0005277828717010327,-0.009044984303279569,0.004969063938123022,0.9967759494984297,0.003224027887136866,0.0033963042707839067,0.06561758724810743,0.016685590166362244,0.06856888976650047,0,-
1.5,0.8,240,405.63458383361586,1.4649949831197455,1.1050423643564367,0.0033051915110781246,0.11082558190833333,0.00138040477440026,0.022194340293579164,0.0034690871664202648,1.2985817692605683,0.0023940650033641166,0.8369196830846749,0.0021288432616135256,0.8644985479428269,0.001920908572495879,-0.4429030380533289,0.0017253994225768419,0.04245489467410201,9.68770624153526e-05,0.03626839409260498,8.13652136568822e-05,0.03670034569165068,9.552620928462578e-05,-0.006429630372793601,4.117115560224575e-05,1.3410366639346705,0.0024079351160960394,0.87318807717728,0.0021944269406415943,0.9011988936344777,0.001954683115054386,-0.4493326684261226,0.0017435109914234245,0.015855736532339,0.0004474687855710205,-0.013659139596984593,0.005073393040866288,0.9967638088514528,0.003236168733676097,0.0014609360048965206,0.06210929953419111,0.015816392315296343,0.06300769329952292,0,-
1.5,0.85,240,556.2773585301143,1.4520056650533713,1.0814059149054132,0.003987194608740485,0.07968469128750001,0.001755924236387099,0.013720061500545833,0.0017244685641733446,1.2280125383319676,0.0008624798248570175,0.8746054981737361,0.0011343258392031914,0.8973819638397227,0.0014163259075787725,-0.39543143557259197,0.0012402493183968656,0.042637924007520984,7.220073444550718e-05,0.03768120728459327,0.00012495140911036848,0.038027224607419766,7.445976103945078e-05,-0.00585557730208147,3.658901998114895e-05,1.2706504623394888,0.0008629125732481727,0.9122867054583294,0.0012299852167167856,0.9354091884471425,0.0014313555511092017,-0.4012870128746735,0.0012614458199060577,0.012946155923374052,0.0004406076945302571,-0.008954896759367502,0.009700657769663378,0.9975426422388931,0.00245736726452953,0.0006064596576748672,0.058540973693376235,0.01288765088207985,0.05979572887650882,0,-
1.5,0.9,240,843.7429731074967,2.779083551901804,1.0562658522924715,0.004814539875830921,0.04816517323333334,0.0014213328942258364,0.011059042176916667,0.002163152297383334,1.1556567873650947,0.0016102701057311394,0.9130642194541345,0.0012013354439542015,0.9312789935675069,0.001877941023507437,-0.33242232529399834,0.0010637581292109474,0.042800570020869934,9.816868319254091e-05,0.03942408455572093,0.00010053214289738208,0.03955790131026882,5.36703482617009e-05,-0.005093692305662113,3.6371409059393815e-05,1.1984573573859647,0.0016112636814450759,0.9524883040098555,0.0012207403562029834,0.9708368948777758,0.0018877468016171178,-0.33751601759966043,0.0010663016921353278,0.011367998363619517,0.00047876318129058557,-0.015942769785274123,0.004444814873830058,0.9972334875087064,0.002766482411309333,0.0002181294179299368,0.05549513058821228,0.012703298029630971,0.05727045049938143,0,-
1.5,0.95,240,1732.7190880512367,3.921940530288929,1.0265241550300381,0.0023376188561603254,0.022279988409858335,0.001232125736925637,0.006518128474041667,0.0015559388991206217,1.0792383474763447,0.001157903752060903,0.9549123682098817,0.001142897918455904,0.9658492846042076,0.0013983178952232868,-0.24316074927405493,0.0011120531119561145,0.042802383480998824,7.784539871650779e-05,0.041041048704063686,9.296047089859722e-05,0.04124976174852693,5.3189875294875075e-05,-0.0037525744272207933,5.288982225277774e-05,1.1220407309573435,0.0011422279095558198,0.9959534169139453,0.0011386554948448297,1.0070990463527345,0.0014012334108877333,-0.24691332370127572,0.001142039025458884,0.008185412578155646,0.0005507745240738845,-0.0022068714139540308,-0.002293982972214416,0.9973344859097899,0.0026655168713408148,6.294019157000102e-05,0.05263373156964436,0.010527202290719219,0.052446521812363145,0,-
1.0,0.5,240,103.77740138636128,0.4597458843591158,0.9965540179760659,0.004414849496956551,0.3732109188333333,0.00383185765854691,-0.019872333,0.0,1.67649187059803,0.002681731622329638,0.6304322910587357,0.0015209832715912077,0.6930758377900601,0.0015076433811549116,-0.5762000834898592,0.0009114998466987776,0.03824514981303458,9.738295600958497e-05,0.025877857726694334,7.294465478189678e-05,0.026670215772306452,5.579839884926451e-05,-0.007532201517683868,4.0761507821575526e-05,1.7147370204110643,0.0026556053754153864,0.65631014878543,0.0014814755233178926,0.7197460535623665,0.001519649103292982,-0.583732285007543,0.000883239783136005,0.007381282452848128,9.292558772818139e-05,0.013269979058270607,-0.005924443423712766,0.9955934475666751,0.004406569666290348,0.0,0.004231763998091701,0.001348033315680516,0.004381108275961677,11,C11
1.0,0.55,240,117.17715099356062,0.4256357536389539,0.9855803296652981,0.003580034356799414,0.3234164305,0.006221094967118314,0.015768707999999996,0.0,1.6167218789200788,0.0015538499244429809,0.6627155290169943,0.0009266382240222541,0.7205625915658992,0.001639612100232648,-0.5644266968625282,0.0007878293727084539,0.03903157943806903,7.445336694607192e-05,0.027222389899026003,4.76067628826324e-05,0.02783593920467817,9.640423380449408e-05,-0.007656045505082272,1.809226298038763e-05,1.6557534583581477,0.001574025567616606,0.6899379189160203,0.0009318433888799543,0.7483985307705773,0.0016899952958536776,-0.5720827423676106,0.0007866558567835226,0.0040297437827871456,9.571677676097519e-05,0.005724409015599587,-0.004707011201896673,0.9961125557215118,0.003887467860323956,0.0,0.003964762732651322,0.001083276912660799,0.003972015346422929,7,C7
1.0,0.6,240,134.91439081133868,0.97804985463441,0.9870346161945368,0.007155419500341873,0.2851823849583333,0.003988275469750344,-0.002257639999999999,1.4456028966473392e-19,1.5553509709904418,0.0012673053253472381,0.6928097210192213,0.0014574069925023991,0.7518393074786699,0.0016432977075581125,-0.5479498584131622,0.001313618065287514,0.039369848824229066,8.405940474268392e-05,0.028506911507967657,4.693574452497168e-05,0.029083110894585616,4.7937653360586606e-05,-0.007604808398164461,3.2987212908646084e-05,1.5947208198146707,0.0012844402153412008,0.7213166325271889,0.0014657515887389618,0.7809224183732553,0.0016649857157140014,-0.5555546668113267,0.0013043554237667592,0.0034070365167358906,9.609266969879463e-05,0.026552153511038085,-0.005240174549333152,0.9960874808873734,0.003912521844399094,0.0,0.003819567681873109,0.0010666894227076844,0.004138754960105816,8,C8
1.0,0.65,240,156.95911161817256,0.5787633840069639,0.9650224148270451,0.0035583766542114544,0.245491039125,0.0033957547321752544,0.007174148899999997,2.8912057932946783e-19,1.495695264933306,0.0018565563236750994,0.725943251996743,0.0012705180361299888,0.7783614825851344,0.0007165783112757626,-0.5299487373238784,0.0010286827005875788,0.039989999446898496,8.501346640478969e-05,0.02983583497389335,6.875756110989851e-05,0.030415566257043343,5.261834072362338e-05,-0.007608036320434982,4.4123186304280526e-05,1.5356852643802046,0.0018669825257916566,0.7557790869706366,0.0013244852839913773,0.8087770488421777,0.0007236250074809774,-0.5375567736443134,0.0010145474789989035,0.004578236718692955,6.401018780830017e-05,0.0052987313201600566,0.004058037593150107,0.9962361056374499,0.0037639023170882332,0.0,0.0036564179857534545,0.0013031631323302925,0.004146428148323659,1,C1
1.0,0.7,240,188.7893290263721,0.8679121279264711,1.0041179883978717,0.004616183470189166,0.2071549105,0.0016564150326467818,-0.0025040917999999994,0.0,1.4296091229946277,0.001534992519987333,0.7630463035049326,0.001170912570296219,0.8073445729912535,0.0016162427660718318,-0.5066019786644921,0.001085788083378005,0.040173091399197336,5.137880020328973e-05,0.031207271131794032,5.432956633559404e-05,0.03172092538320634,7.762998119483328e-05,-0.007402337993801296,6.494589015382517e-05,1.469782214393825,0.0015475978724728658,0.7942535746367266,0.00116510297663424,0.8390654983744599,0.0016421249578596044,-0.5140043166582935,0.0010774090794937233,0.0037123653018501742,9.295185157679249e-05,-0.007904201060380481,-0.00022658843015851613,0.9964551948587153,0.0035447936509934493,0.0,0.0033811602775166167,0.001026040192470988,0.004068780073591848,1,C1
1.0,0.75,240,233.69945618056846,1.1467119139321864,1.0057518414831705,0.004935003435339106,0.16596219954166666,0.002286048516116673,0.013242361000000001,0.0,1.3632424348094097,0.002203676567558159,0.7968421969788506,0.0009910803942714012,0.8399153677392354,0.00277667002507117,-0.477838164592287,0.0014341485052844689,0.040442449594646775,6.528349195942934e-05,0.03257297906705693,5.820017963783181e-05,0.033154414651271974,6.433566793593823e-05,-0.007186297555883442,4.1421963040821184e-05,1.4036848844040566,0.0022090352640331285,0.8294151760459075,0.0009729813333110199,0.8730697823905073,0.00277861530080048,-0.48502446214817047,0.0014313218829337894,0.0023495983379293026,0.0001241115555264826,-0.008577990210864073,0.0011938819778928847,0.9965035999276498,0.0034963917463761186,0.0,0.0032876286319370074,0.0009883313141618314,0.004750366639035899,1,C1
1.0,0.8,240,299.2177906798715,0.9494341280381454,1.0014267740490712,0.0031775809648650574,0.1292298111625,0.0020512562337276614,-0.016651377999999998,0.0,1.2967798367638406,0.0018686853719357438,0.8349519694754384,0.0012509996514942455,0.8682681932885747,0.0012238984945468372,-0.44084155565380695,0.0008707460509334325,0.04060752834232693,5.365228725556089e-05,0.034214853929344466,8.41505454068197e-05,0.034663182274891575,6.1397358068444e-05,-0.006812721116183962,3.547030836392741e-05,1.3373873651061676,0.0018815179239835508,0.8691668234047827,0.001248952501615969,0.9029313755634664,0.0012188167176603423,-0.4476542767699909,0.0008665906219377433,0.006837603612901141,9.683540675051412e-05,0.0014813279396130256,-0.0004031506992057355,0.9966056917510103,0.003394294280524483,0.0,0.003167354233668373,0.0010947983044662156,0.004379193217864862,0,-
1.0,0.85,240,409.20231590999504,1.4173179487680312,0.9931215631423227,0.003439787513469913,0.08840572225833335,0.0011329092877900085,0.005875320399999999,2.8912057932946783e-19,1.2258098869287801,0.0012505023886380552,0.8720831466177399,0.0010074716524577248,0.9021069659530222,0.0015659657954916366,-0.3932414409213368,0.0012752127654166152,0.040811825737597535,5.086948249466656e-05,0.03558222360593466,4.576499342878506e-05,0.03598719053298904,3.634493623378988e-05,-0.00619865558958192,4.2982465279170446e-05,1.266621712666378,0.0012446780288879633,0.9076653702236744,0.0010396558400238877,0.9380941564860114,0.0015821239773528577,-0.3994400965109187,0.0012840785668432769,0.004623406119556783,0.0001527736316126176,-0.01446648352995085,-0.0004386440768615699,0.9967897597244116,0.0032102497067995773,0.0,0.0029876148733447524,0.0008039535598590717,0.003948830720484264,0,-
1.0,0.9,240,637.8589117952656,1.778684077188216,0.9991462631130849,0.00278614207016324,0.05723767137499999,0.0013770084700651013,-0.013353092000000004,0.0,1.1564161601645424,0.0013423198181071844,0.9115507375975433,0.0007612785222168869,0.9320331017329193,0.0016246567943016107,-0.3324223796040853,0.0008841625279772712,0.04089970322771195,6.920536224318004e-05,0.037217585985772635,7.1974136352854e-05,0.037460925053003656,8.51588764163201e-05,-0.005363524162648496,3.810236558841445e-05,1.1973158633922543,0.00133785995926883,0.9487683235833159,0.000789595321633474,0.969494026785923,0.0016579200748821675,-0.33778590376673373,0.0008943163220090674,0.002843892141999084,0.00013298678629394657,0.0051871822393002925,0.0008430313509869992,0.9967630890180296,0.0032368977093235256,0.0,0.0030011223334730167,0.0010329392861241822,0.004208271165691113,0,-
1.0,0.95,240,1332.6086630420011,4.940663486364446,1.039298248350279,0.0038532114111769935,0.02455369991208333,0.0006952886223735694,-0.012778729999999995,5.782411586589357e-19,1.0785274228456985,0.0010269020614402506,0.9543616729276089,0.0012191201103047,0.9671109037226294,0.0012867716279807255,-0.24381478338161688,0.0007709971133285561,0.04076821482245907,4.095398427901079e-05,0.038813678696541946,5.017779310954659e-05,0.03902504798772781,6.65997404693771e-05,-0.004028811787094728,2.7156298601512784e-05,1.119295637668158,0.0010415380784740726,0.9931753516241508,0.0012439093515891938,1.0061359517103574,0.0013215868880230549,-0.2478435951687116,0.0007769308498958985,0.006134710260436001,0.00014231264337350504,-0.01426864673463625,0.006932832820252161,0.9971460833997855,0.0028538745680547757,0.0,0.002892725474343111,0.0010032870853190056,0.0038547345909624954,0,-
2.5,0.5,240,140.2473823117061,1.2586085226624448,1.1531131533036105,0.005889314684668316,0.3671148328333333,0.00947328177882958,0.09843093815416665,0.005916065593544896,1.7403653642351278,0.003472827703875448,0.6013796342101431,0.0017401946639163538,0.6582550016863744,0.0034116165029373746,-0.5829696283053417,0.0013565112141774023,0.04501063050630686,0.0003111625747615291,0.030515443861576282,0.00010603814128727156,0.03132361445328948,0.0001743778675585423,-0.008651299032774598,8.183019006386499e-05,1.785375994741435,0.0032407106020358014,0.6318950780717193,0.0017905142996693744,0.689578616139664,0.0034654932504087806,-0.5916209273381162,0.0013482212543433725,0.01797950158523684,0.0007239650489667868,-0.041444467304557295,0.0015281374717856112,0.9742280842319819,0.025771909379395254,0.08942933231360661,0.18230812794202192,0.015029585798816568,0.1518343195266272,23,B2C1G13R9
2.5,0.55,240,171.18514125659465,1.5512080959897312,1.1930799798182363,0.0049255254118508104,0.32573274812499997,0.006118955074876158,0.09359612025833333,0.0046452697504205265,1.6642283625316874,0.0034890791568608797,0.646642243831648,0.0025044941737687094,0.6891293937550549,0.003598694665728514,-0.5759423900365107,0.0022160694619540555,0.04562875040490045,0.00019714857122926004,0.03328243288703056,0.00017621387852038078,0.03366603780787177,0.0001987294615325948,-0.008314628294205519,0.00012737272183566616,1.709857112936588,0.003498302247184031,0.6799246767186785,0.0025601472266118448,0.7227954315629267,0.003650083777417968,-0.5842570183307162,0.002202718893313648,0.01775124784346397,0.0005273533601210725,0.028249576330933918,-0.01350655580536547,0.9823253335339803,0.01767469816967282,0.05815923440386521,0.1720592988983945,0.014571948998178506,0.16136290581806492,5,C2G2R1
2.5,0.6,240,198.77078663393448,1.0133658127871488,1.2159818516195646,0.006112686067003493,0.2618370326666667,0.006425440358590464,0.0850277132375,0.004011399072500144,1.5925709941674326,0.005163096324822234,0.6807427439056426,0.00277349077067878,0.7266862620566523,0.0030221388716034398,-0.5569774434686141,0.0011771130076258178,0.0471305082100596,0.00018960567117627477,0.03539323662782851,0.00016459013026890135,0.035955313079552534,5.968630645644077e-05,-0.008325413293946243,0.00010761909731995366,1.6397015023774926,0.005068257537793438,0.7161359805334712,0.00290776771116503,0.7626415751362049,0.0030043020204253406,-0.5653028567625604,0.0011433313912144302,0.016975624634058516,0.0007874776646837263,-0.01608616909373132,0.006714759970211785,0.9874550240894637,0.012544943835741949,0.03731291453638678,0.16741285536416492,0.014714775246926022,0.14281394880064502,3,C1R2
2.5,0.65,240,235.22890678533687,1.59193399000932,1.2129083322177086,0.00607748199434733,0.22560709779166668,0.0036912654511981713,0.06841577061958333,0.002342069970031761,1.523530347896917,0.0036512740390548743,0.7150081048809952,0.0019045281134505885,0.7614615473617466,0.003197248531718485,-0.5383633147591288,0.0020898332937839335,0.04823125551664427,0.00017059694249163814,0.03763165785205168,0.00013338662017263968,0.038315740734197475,9.5681028407405e-05,-0.008050109810106123,0.00011306091639051167,1.571761603413561,0.0035413128203784414,0.752639762733047,0.0019641052371985016,0.7997772880959441,0.0032524620541115605,-0.5464134245692347,0.0020832003351959733,0.017226534773567503,0.0005745669772331513,-0.002202854055184584,0.007853143183970469,0.99134295422393,0.008657025119260977,0.022890304128875355,0.16443360097368862,0.011976047904191617,0.14579931046996916,3,C1R2
2.5,0.7,240,284.3976268105096,2.0822620367400297,1.209834453304764,0.0075336086031278365,0.19020722291666664,0.005842538760833418,0.055690425002499995,0.0026055465745368346,1.4545639716515175,0.0024576726011866896,0.7544796655946837,0.0014851809870367035,0.7909563628746994,0.0029844537758833994,-0.5133863796681226,0.0016869987467062733,0.04882477630231104,0.0002361374143044072,0.03959149370384101,0.00014564183762954465,0.03983684641704658,0.0001824026089812555,-0.0077320400081806705,7.223730564886643e-05,1.5033887479538284,0.0024925010286176437,0.7940711592985249,0.0015070842680422816,0.830793209291746,0.0030487545494581473,-0.5211184196763032,0.0016903518176288677,0.01429049111042697,0.0006972747673289243,-0.02331742840267396,0.012059676244969952,0.9935242575165846,0.006475763372832574,0.01287250256788737,0.1569987641441554,0.009688289806234204,0.1362257792754844,1,G1
2.5,0.75,240,352.3920273992247,2.3135573506233618,1.1865980431468333,0.005771788275543542,0.14851598548750003,0.004573301984779605,0.04994038168804167,0.003812730366028173,1.378576653633202,0.003297910941533268,0.7900497383100974,0.00302399672770411,0.8313736081624512,0.0033114513732169573,-0.48270498866498407,0.0019571504591068085,0.0490893326169672,0.00018544980752332338,0.04140513461089113,0.00024284744015721067,0.04188047277510307,0.00016164641975783972,-0.007406924169633346,9.410872230034054e-05,1.427665986250169,0.0032763688305491446,0.8314548729209884,0.0029847062093331304,0.8732540809375543,0.003353564614901806,-0.49011191283461747,0.0019686659635184925,0.01347544260499194,0.00044153324300171475,0.002692369960889521,-0.0013090080890524089,0.9952915756437506,0.004708404859253928,0.006785200749783511,0.15118626744940153,0.012269009391093608,0.13109663738261132,0,-
2.5,0.8,240,445.2963273500853,3.7628044141605503,1.1553025862170503,0.003921743810454152,0.11581336518333334,0.0031450464268476417,0.03656692661604167,0.0014691181649523473,1.310540143322085,0.00308059285722881,0.8320511218372829,0.0024372675475963445,0.8574087349668397,0.0031011299377915703,-0.4470133603353208,0.0020770336307400434,0.04994646193413344,0.00020066862023090349,0.043383779185105054,0.00014000520751214629,0.043580926476809605,0.00011145829844822603,-0.006976855024834503,7.070494830587242e-05,1.3604866052562181,0.002987602208123566,0.8754349010223879,0.002522047842812887,0.9009896614436493,0.003153804034987603,-0.45399021536015527,0.002084498433943084,0.012073356853673611,0.0006926354969876773,-0.015207365837747578,-0.0013798783208695668,0.996564552058095,0.0034354501795189696,0.003004347633559801,0.1454551947144867,0.009603679155958339,0.12822940619504938,0,-
2.5,0.85,240,604.7915951283808,3.691299405966745,1.12271339568866,0.0036916745482078826,0.07886758790416667,0.0020268056468011717,0.0234591375620125,0.002339212590116546,1.2374751523090557,0.0014940852488242878,0.8666981728340004,0.002617461674851412,0.8958266749239375,0.0028941310270105057,-0.39803519064629606,0.0022627145094180953,0.050405974937180825,0.00015781803466562025,0.045329585964671626,0.00014961369580083445,0.04579181841542549,0.00015344775584748985,-0.006383905189587898,0.00010858191315041354,1.2878811272462365,0.0016175003641651588,0.912027758798672,0.0026195118810166482,0.941618493339363,0.002960878206632624,-0.4044190958358839,0.0022744936375040585,0.011590816187812478,0.000567976440308086,0.01645253051919345,-2.276942901848129e-05,0.9969720518352048,0.003027937823107253,0.0010379049395041503,0.14069188635655325,0.010697674418604652,0.12994186046511627,0,-
2.5,0.9,240,917.3200997937977,4.326555881103937,1.0759105025627302,0.002853160315693969,0.051047099050875004,0.002083106076658033,0.011390450122337501,0.002258211684019781,1.158314104102018,0.0028052264474437453,0.9152930953313024,0.002026614790122629,0.9263928007231844,0.0014950073308488522,-0.3382006614158103,0.001420089179358808,0.05088802408328862,0.0001274279624583481,0.04755634301473741,8.959577989591875e-05,0.047542446175223144,0.00013395769180377768,-0.005524648130316749,4.716720070377727e-05,1.2092021281853063,0.0027994321506048378,0.9628494383460399,0.002075342441287888,0.9739352468984076,0.0015798028028391079,-0.34372530954612707,0.0014315878585011066,0.008085134793162644,0.00041680356937258216,0.02144140472606092,-0.006978334686337544,0.9971323188072168,0.0028676703334062663,0.00031190568037810424,0.13419395026034817,0.008929419587726797,0.11997720148190368,0,-
2.5,0.95,240,1871.6889691681158,4.904209817681458,1.0403661550815797,0.0019904508805923737,0.021739297475208332,0.0016286300235473137,0.008371517505458333,0.001372684184619152,1.0848223582849323,0.0016219326666478053,0.9543427667603334,0.002117000747683845,0.960834875067975,0.001756635522109681,-0.24647461055265651,0.0008566899693016294,0.05118284310593021,6.932243380486732e-05,0.04929650475666881,0.00016831639057133263,0.049450013912557926,0.00012067143917791722,-0.003993144738943074,6.465484288604622e-05,1.1360052013908626,0.0016326391772886455,1.0036392715170022,0.0022373880639290507,1.010284888980533,0.0017783072673750713,-0.2504677552915996,0.0008880380023812394,0.005921353716255016,0.0004091303412196105,0.004574188122847533,0.00884043112460513,0.9972561126882339,0.002743878067991733,4.404560429917733e-05,0.12919389952871202,0.006357048748353096,0.11877470355731225,0,-
2.0,0.5,240,143.78647953991074,0.9802977238461792,1.1420813089035364,0.004281713274034965,0.359745254625,0.005140643408525522,0.0807128807,0.0023739327650809136,1.718500989528603,0.0025139192684566665,0.6116353346279069,0.001809618136791955,0.6698636760630964,0.00235451461941749,-0.5817241261348343,0.002082183371896681,0.041537508093539434,0.0001536495194699547,0.02851896138852167,0.00015934201362141786,0.028765417146717806,0.00014251497893572897,-0.007887957926757946,7.683173416088578e-05,1.7600384976221426,0.002496202573017476,0.6401542960164286,0.0018879270624994043,0.698629093209814,0.0022842567873655405,-0.5896120840615922,0.0020619415231673058,0.02026463188999425,0.0008556827217820831,-0.02332474008040604,0.008408054648917983,0.9804307495221243,0.0195692491863337,0.08551609732436882,0.15512984249025322,0.02059238363892807,0.1463093559003291,16,C5G4R7
2.0,0.55,240,168.72859502132397,0.7517973723906536,1.182805417258723,0.007916031826579512,0.31357969837500005,0.00589903030461734,0.08471601455666665,0.005942308689568884,1.6524552035128262,0.0022753877634976018,0.6438929054933883,0.0029705266335378227,0.7036518912267572,0.0018036286778441103,-0.5687440079414449,0.002433679672352864,0.04278818602497393,0.00015754598756615517,0.030443069546971922,0.00012582224811145433,0.03115465156928025,8.078534551535581e-05,-0.007879730164580049,7.362929933867998e-05,1.6952433895378003,0.002246240485716857,0.6743359750403601,0.0030612657968323628,0.7348065427960374,0.0018361465291318398,-0.5766237381060247,0.0024894166722554895,0.01982524758766785,0.0009058047975932272,0.015917208907158194,-0.0009325417244929324,0.9859612090575651,0.01403878743981024,0.05541718671981727,0.1477586945948914,0.019171846275059093,0.14103125273570866,5,C3G1R2
2.0,0.6,240,200.70051781744786,0.6945069778758856,1.1980093731886459,0.004252548896567869,0.27277826137499994,0.0046460432813830365,0.07200868738124999,0.0046216301776679045,1.5819492251814575,0.0037343965337069828,0.6868808539865185,0.0020098060456695092,0.7311699210578152,0.0041922121526126455,-0.5569065500494172,0.0023486958438789767,0.04344148646549563,0.00014263139153086827,0.032539081186372526,0.00010810977374742416,0.033181314728810786,0.0001341961310915214,-0.007769857807606606,6.706099006172394e-05,1.625390711646953,0.0037399058626608243,0.7194199351728909,0.0020862637333770957,0.7643512357866259,0.004263587584504264,-0.5646764078570238,0.002381959459424696,0.018989064886276413,0.000567066523561243,0.010249807492543924,0.001272996426313807,0.990602076333467,0.009397942985232964,0.035061084196802025,0.1410824571950326,0.01775244299674267,0.13884364820846906,3,C1R2
2.0,0.65,240,233.9291430024402,1.3578797547214532,1.1948643534107266,0.0026814713422208774,0.2284864314583333,0.004131613008464369,0.057733741464999995,0.003247462296016476,1.5119719000935825,0.0035499644848164943,0.7219667286961633,0.0019274859783668873,0.7660613714304426,0.0030992043079323584,-0.5364164718196448,0.001107838848873815,0.04423138510194497,0.0001466854044338075,0.034567249859211585,0.00016730380660838555,0.035153642835698246,0.00013456699043136968,-0.007485044506666838,4.910134838808962e-05,1.5562032851955274,0.003469801235769527,0.7565339785553749,0.0020566528248564513,0.8012150142661408,0.0031432682761366832,-0.5439015163263116,0.0011285080538616023,0.016527873097812583,0.0005100900299866004,0.008062956738512784,0.0029829274250730647,0.9931412531630321,0.006858726884926237,0.020515946170820677,0.13340260233317147,0.014207980652962516,0.13157496977025393,0,-
2.0,0.7,240,284.63891717162517,1.7783202359782229,1.1906562914147567,0.0029806740844130104,0.18858722045833334,0.0041422903540476765,0.048191369765708335,0.0024432140091190284,1.4383995448671365,0.0017577935131719504,0.7615837463226381,0.0018284508724238837,0.8000167090101388,0.003341575149593934,-0.5100230958574195,0.0019377250400893838,0.04473825792826212,0.00011617875305573103,0.03615409380813793,6.075566533906748e-05,0.036451461967164804,0.00016062339192068323,-0.007167098113828305,8.00299875377317e-05,1.4831378027953985,0.0017572594361415545,0.7977378401307761,0.001839850853568211,0.8364681709773035,0.0034221604506388644,-0.5171901939712477,0.0019145971753114566,0.017389681865574644,0.0007867231940165847,-0.012484337702066754,-0.0015669343051467515,0.9949414865742828,0.005058517291697494,0.011139059111903344,0.1278978878833031,0.01488095238095238,0.12742248062015504,0,-
2.0,0.75,240,349.72363112420066,1.5602383052050934,1.1676450367192182,0.0020441302003597066,0.14439566422083333,0.0033365593590155914,0.03879429196214166,0.003324647387900191,1.3769162784845896,0.002368865066728286,0.794054902617209,0.002301772917417159,0.8290288191188234,0.0015608241224740046,-0.48051695103723513,0.001951318622874283,0.045226485410489924,0.00012694210608994066,0.03785399269534836,0.00014940473099522256,0.038099119068899026,0.00010455665516173512,-0.006846616601897095,4.451684114645426e-05,1.4221427638950794,0.0024179616821564725,0.8319088953125573,0.0023366846966190852,0.8671279381877225,0.001529151060052051,-0.48736356763913224,0.001956301114624081,0.01634882824617606,0.0005227761858240538,0.0019644664548315494,0.00013129253838436522,0.9956995500212539,0.004300435344552938,0.006047292614918723,0.12375387068785236,0.014746206812503809,0.1255255621229663,0,-
2.0,0.8,240,443.77215073270287,1.3297357163690915,1.1372804460798607,0.003457809907018022,0.10722522894166665,0.0016779376544759242,0.03251004696183333,0.0025759192254420082,1.300137247647989,0.002800871750504681,0.8345162201023714,0.0024544373078274214,0.8653465324768116,0.0014945232835327142,-0.4441222344471619,0.0014846972899342406,0.04588649345741918,0.0001295287731001188,0.039446859607303354,0.00010970255928421464,0.03984194933126483,0.00011287254952880375,-0.00654034654569498,4.525588028803227e-05,1.3460237411054083,0.0027993588812716833,0.8739630797096748,0.0025444221439336503,0.9051884818080764,0.0014997988867748407,-0.45066258099285683,0.001479445507413981,0.014260074596407197,0.0005995511577243849,0.00213945356144273,-0.00471082571086057,0.9965078807801176,0.003492118553466348,0.0026239123910097926,0.11939353023094287,0.014135239862467936,0.11919445505648639,0,-
2.0,0.85,240,596.2428941338671,3.3849723033647425,1.105604583047371,0.002982680178116822,0.07656454112083333,0.0029808149968456707,0.023328411126420832,0.0030060545871924476,1.2321172881306892,0.0024291480996143384,0.873357966252484,0.0013657879997232927,0.8945247458786109,0.0021083774231295755,-0.39533974146699813,0.0014524578788337305,0.04622689552958391,0.00010999773713827552,0.041247525271730506,9.636603125921742e-05,0.0416008802700358,8.031897849808643e-05,-0.006021931259980963,6.578881141287381e-05,1.2783441836602731,0.0024116687206812665,0.9146054915242144,0.0013681729349755633,0.9361256261486467,0.0021162132161134254,-0.40136167272697904,0.0014295083859032272,0.011152107617126764,0.00032414740442637585,0.014762794928993477,-0.005204822954259686,0.9970597139050261,0.002940324023080833,0.0009999002743289267,0.11389126077350954,0.013647940794848382,0.11254745542793983,0,-
2.0,0.9,240,914.7177801634953,3.834335502516685,1.0678507768734555,0.0014814368349808653,0.04537847412833334,0.0014309403507364144,0.013832631565708334,0.0019710506223837364,1.1523956804778925,0.0021011632759736876,0.9138465543518571,0.0017356010328212065,0.9337577653816401,0.002321689778139457,-0.33536089418293,0.0017929502081845464,0.046346184410382116,5.510809052014497e-05,0.04315037333317564,9.199129156264202e-05,0.04355977282531014,4.5526962219897826e-05,-0.005212786907811819,9.46772771285135e-05,1.1987418648882746,0.0021366108374687373,0.9569969276850327,0.0017888684157986964,0.9773175382069501,0.002332089272818674,-0.3405736810907418,0.0018369267499505,0.009172912668107863,0.0004964130599899065,0.018544138061243214,-0.01327705704173634,0.997440246286613,0.0025597646521235678,0.0002918861809348422,0.10790183428778821,0.012390057361376673,0.10546845124282983,0,-
2.0,0.95,240,1859.633846297427,8.303273420011417,1.0360826539494776,0.0020899811071213997,0.023712184874479167,0.0015724633197750685,0.007019554520452917,0.001153303718877455,1.0783772635855686,0.001257783669604555,0.9594641211728179,0.0014355832707513558,0.9621586154868376,0.001254300073844088,-0.24410353721934,0.0008568301365806823,0.04651945242515756,0.0001426608747620488,0.04493733774605667,9.39851015848518e-05,0.04498222092788124,8.418383074364201e-05,-0.0037682964665792873,4.218463080096943e-05,1.1248967160107264,0.001318798538413605,1.0044014589188743,0.0014896386666438635,1.0071408364147187,0.0012540851604979592,-0.2478718336859193,0.0008582763310501965,0.007012147880616331,0.0003021299059592357,-0.00015696561574050257,-0.0008688658881330021,0.9974034993718218,0.002596469243637165,5.268589772721132e-05,0.10326569675306255,0.009539676994598663,0.10329723483728805,0,-
3.0,0.5,240,136.2181490968493,1.3762504916684355,1.170502620313792,0.009203790723210113,0.3524311639166667,0.004373447978118612,0.1101197912,0.004747513274063623,1.751220159936205,0.0036407140909769046,0.5991174916763685,0.0030887760386518934,0.6496623481441001,0.002364807820760242,-0.5872457072564948,0.0021833944459994734,0.04814187653781441,0.0001967628041736291,0.0333559047383429,0.00026284103886108594,0.033807856084048814,0.00024036626558034132,-0.009159935059145604,0.00018502932827858237,1.7993620364740195,0.003661899319587967,0.6324733964147115,0.003232206667686562,0.683470204228149,0.0024455573716170675,-0.5964056423156404,0.002196698232421254,0.01713698900106042,0.0009762258911842507,-0.042529774613410974,0.012696097302414189,0.9666684666005113,0.033331523777662984,0.09032951554972542,0.19590426264885,0.010630954024575453,0.14262046113488885,60,B17C8G29R12
3.0,0.55,240,163.99267957438192,1.2676438853002907,1.1951908596646288,0.0053939337217433474,0.3199356613333333,0.01094245353606449,0.10769291664583333,0.004901793312152854,1.670106646316029,0.0042764346769958,0.6420197886145488,0.0029431423965952976,0.6878735648436137,0.0038453491422246627,-0.5781240530781774,0.002702783551614965,0.0495124901749406,0.0001635427359582135,0.036070464006527865,0.00017487530828201597,0.03633162584475496,0.00022529719068635934,-0.009226888008896574,0.0001530455542806731,1.7196191364909694,0.00429802940537949,0.6780902526210767,0.00299019188601021,0.7242051906883687,0.0038398683586575544,-0.587350941087074,0.0026904177794878532,0.019392275839933006,0.0009547851853872298,-0.009720902011110606,0.008583284225067992,0.9777181892161538,0.022281762371680638,0.060815220607022734,0.18789846818056324,0.012396166134185304,0.1440255591054313,16,B2C2G7R7
3.0,0.6,240,191.22850254826008,1.3630870384420861,1.2209070568505316,0.006932598071256282,0.2673052737916667,0.007705378873392213,0.08976103733041667,0.0046826027476987485,1.6007454631783304,0.00290330267430528,0.6742535433796496,0.0026283658205446692,0.7250009931943421,0.002954157143981406,-0.5559997196847732,0.002194502606542141,0.05088684526372236,0.00034118254301088494,0.038546968196357785,0.00018284949541832435,0.03898270190201444,0.00025983145469027943,-0.00893949718965258,0.0001460545261821312,1.6516323084420526,0.0028228739439405443,0.7128005115760074,0.0026768997283209473,0.7639836950963566,0.003170705167144097,-0.5649392168744257,0.002175763255811225,0.018219722698945173,0.0005958751367651538,0.0019703140045811544,-0.001925230278882192,0.9852091410405166,0.014790854252722009,0.039268423624345135,0.18191462750372114,0.012414433228912867,0.1418958115790695,7,C3G1R3
3.0,0.65,240,228.21731878909324,1.3367731200438748,1.2202008941854685,0.0037953310558919372,0.22540592195833334,0.006124684601198596,0.0795022884225,0.004135383224447858,1.5227234238337573,0.003048521990968297,0.7144659497697425,0.0032373395141742896,0.7628106261158257,0.0026741950827177904,-0.5368415782664544,0.0016701235000874135,0.05185063426236975,0.0002205746028259333,0.04084533284969619,0.00022710357367400152,0.041461418819059105,0.00014865879513150228,-0.008597252600404275,6.0696205189885986e-05,1.574574058096127,0.003039658830725882,0.7553112826194387,0.0033895647611528463,0.8042720449348849,0.0026336890147558327,-0.5454388308668586,0.0016663710817289015,0.015498812377326851,0.0007370164011591691,-0.021678026226857744,0.0014900151772893559,0.9897612946543023,0.010238723227477755,0.023652577896904784,0.17669710523521176,0.009206108523773422,0.14069099967507853,2,R2
3.0,0.7,240,274.16315706086795,1.928931849029541,1.2062474943721335,0.0029491906070898822,0.18669540595,0.0059730045114168035,0.0623452010615,0.0050378660976542694,1.4526422431569623,0.00186681280005565,0.753374935349094,0.00258723782403513,0.7939828212783432,0.0026858764621373998,-0.5147353506363651,0.0025285757769223645,0.0530532024120796,0.0001759856370200971,0.04318531241247065,0.00017137237085392687,0.04342130071371961,0.00010489262390826493,-0.008591270665032468,8.304939888010414e-05,1.5056954455690417,0.0018050061955801593,0.7965602477615649,0.0026211864303635943,0.8374041219920627,0.0026753429854373253,-0.5233266213013975,0.0025282214369849523,0.014336476904389387,0.0005568756423984658,-0.010216890260999152,0.006633897262493532,0.993172667976222,0.006827343316068784,0.013958780245627458,0.17225804031664751,0.008707698396991885,0.12942806253710668,0,-
3.0,0.75,240,336.0277766865352,0.9046244504481415,1.1799508982262747,0.006445623726047294,0.14476058672916667,0.004218658039591166,0.05027380763025,0.002713824229825898,1.3799343370921031,0.003501319838218184,0.7892930774265207,0.002261671199804778,0.8307725852902851,0.0034581637883435005,-0.48458869974541113,0.0010805609248862506,0.05362090248717224,0.00014061389986795464,0.04556659363739006,0.00015508453687354307,0.0457274782592141,0.00010924804792420208,-0.008103129086228303,7.74664789796479e-05,1.4335552395792752,0.0035025199507695746,0.8348596710639107,0.0023599051919250026,0.8765000635494989,0.0035187990807963717,-0.4926918288316394,0.0011230572349727485,0.01452675795663463,0.0005210825025886074,-0.005965527410023995,-0.0022230810163857704,0.9952360305785345,0.004763982640537484,0.007110357301983063,0.16346245638507226,0.011627906976744186,0.1265548945375879,0,-
3.0,0.8,240,440.471137981378,3.58476179751566,1.1586340349894801,0.0037124534585366627,0.1137832075625,0.0028806763670886923,0.037823608521249996,0.0030135634316249575,1.3076663403789242,0.0018091944698176176,0.8341006758740187,0.002245557186858517,0.858232983522275,0.0028124539723645412,-0.450876205697566,0.00221531983216321,0.053901799091099996,0.00018142901498218171,0.047288298632488415,0.0001417726543644614,0.04782804259792221,0.00013322848769511543,-0.007380853199127905,6.73603098939499e-05,1.361568139470024,0.001826213577208366,0.881388974506507,0.0022985488369819365,0.9060610261201972,0.0028153767723449402,-0.45825705889669394,0.002253424756076497,0.012101295375609476,0.0009413839520306961,0.025350837667461792,-0.01375178947588164,0.9960274584192682,0.0039725320164447995,0.003183494493679885,0.15847553733086464,0.008606777837547068,0.1227234304157381,1,R1
3.0,0.85,240,592.877027004208,1.8264446681643776,1.1141716570001965,0.003396912911923446,0.08528018278333332,0.0025949718758692527,0.02807886343446667,0.0033913015070411966,1.2383315752681605,0.0023980162872643007,0.8729835878823737,0.0022587900976619515,0.8886848366582155,0.002290678332040678,-0.405424594000755,0.0011737655305540733,0.05476040188718422,0.00020053120304505865,0.04980881729686522,0.00013638512675883828,0.04988704858742505,0.0002226854116466787,-0.006804908770613662,0.00011034863615524677,1.2930919771553446,0.0024631829794128754,0.922792405179239,0.002293419062321402,0.9385718852456404,0.0022808178998862893,-0.4122295027713686,0.0011925611730546231,0.010607933736559168,0.0009069173353254456,0.0036592461041014407,0.000445173191380073,0.9968364903266498,0.0031635060113725188,0.0011473160555945077,0.15333441237289783,0.006555825898891593,0.11645039199783726,0,-
3.0,0.9,240,904.9825914416783,4.320077146065763,1.0813321190566605,0.003570930608611083,0.04942882536958333,0.0015948454951685378,0.018129987739375002,0.001347153636222083,1.1640637618059744,0.0030384504224237386,0.9112431472799659,0.0012674219783495597,0.9246930906932754,0.003357545963283641,-0.3400696820440963,0.001884782571922315,0.055086257138115095,0.00010729332807743515,0.05145295767031149,0.00016495092049673986,0.05198651083600831,0.00012549325842310915,-0.005834129316364892,0.00010630495527978953,1.2191500189440896,0.003018287082275282,0.9626961049502774,0.0013503654062017917,0.9766796015292838,0.0033556244878370518,-0.3459038113604612,0.0019142576388065716,0.007607593355865198,0.0007210732915405861,-0.010446588528221432,-0.010080646396349332,0.9970257439806333,0.0029742430443328543,0.0003135086041857498,0.148586777373397,0.008417965567805354,0.1239341769402053,0,-
3.0,0.95,240,1809.8874225587947,9.21287895760041,1.0392337139543053,0.001800188104412589,0.020913285660908335,0.001408363068195911,0.005896457347458334,0.0008366867194879855,1.0843786838230272,0.0026151198279211535,0.9540747155542578,0.0016997462424265131,0.9615466003923553,0.002233388049602447,-0.2469785484687868,0.0020165323744549104,0.055920955378994656,0.00014562373737173187,0.054010030083029945,8.655278260570846e-05,0.05380839360221555,0.00015009695074623546,-0.004210443897184835,9.317456000237196e-05,1.140299639202022,0.0026987528679285003,1.0080847456372877,0.0016875214471569117,1.015354993994571,0.002235408445825664,-0.25118899236597164,0.002075097603832485,0.005557891785841557,0.0005241515585118356,-0.012198138057004607,0.0024933557975761857,0.9973480581928613,0.002651952834857212,5.38858490003214e-05,0.14285711758275807,0.006458641350867636,0.11279277877208,0,-
