AR,alpha,DEM_Tstar,DEM_Tstar_se,DEM_theta,DEM_theta_se,DEM_Pk_xx,DEM_Pk_xx_se,DEM_Pk_yy,DEM_Pk_yy_se,DEM_Pk_zz,DEM_Pk_zz_se,DEM_Pk_xy,DEM_Pk_xy_se,DEM_collisions_per_strain,DEM_collisions_per_strain_se,DEM_S2,DEM_S2_se,DEM_N1k,DEM_N2k
1.5,0.5,127.856702,0.4579432115,1.489212508,0.004275851749,1.764340047,0.001810788391,0.5869915459,0.001144994642,0.6486684073,0.00167591909,-0.5880673757,0.001185969656,1.547248622,0.003063018414,0.02595953696,0.0005815226336,1.177348501,-0.06167686135
1.5,0.55,143.4063381,0.4495587217,1.416004629,0.004116556735,1.701383612,0.002206424628,0.6216641262,0.001277203638,0.6769522624,0.001365170614,-0.5815737398,0.0007643813074,1.627702284,0.002707009359,0.02536068083,0.0005818946436,1.079719486,-0.05528813626
1.5,0.6,159.0152686,0.5426297528,1.349483491,0.003837747203,1.635506038,0.001774385012,0.653852409,0.0009575573769,0.7106415532,0.001739547021,-0.5665886479,0.001298518791,1.707619093,0.003208908934,0.02413823959,0.0005851995536,0.9816536291,-0.0567891442
1.5,0.65,184.3279819,0.6074876824,1.294921687,0.003695762193,1.56663844,0.001999669377,0.6900721404,0.001227995024,0.7432894201,0.001558217242,-0.5507569345,0.0007223311251,1.82971359,0.003354709174,0.02262255365,0.0004165779651,0.8765662995,-0.05321727971
1.5,0.7,218.9516391,0.839480994,1.243679578,0.003951453935,1.499046543,0.001358585739,0.7272175776,0.00125241419,0.7737358799,0.00125760107,-0.5319426211,0.000878791551,1.983146555,0.004109418128,0.02168569219,0.0004332838091,0.7718289652,-0.04651830229
1.5,0.75,266.2733736,0.703895276,1.193146135,0.003006882786,1.421497947,0.002015874045,0.7699748694,0.001228031242,0.8085271842,0.001894210947,-0.5050780322,0.001107253417,2.180679448,0.003550507186,0.01967676694,0.0004780719221,0.6515230772,-0.03855231477
1.5,0.8,339.7093022,0.8420382595,1.158976577,0.00273395748,1.346980013,0.001472373935,0.8108327147,0.001443309084,0.8421872723,0.001107186198,-0.4694514257,0.0007570335978,2.459930044,0.003863491338,0.0165038226,0.0004555289075,0.5361472986,-0.03135455756
1.5,0.85,455.4758497,1.060848697,1.106300862,0.002149160999,1.265869783,0.001200850868,0.8532586978,0.001180593628,0.8808715201,0.001094196012,-0.4214342555,0.0009080207986,2.846899178,0.003295008244,0.01433694519,0.0002882554808,0.4126110847,-0.02761282226
1.5,0.9,692.8763669,2.152485454,1.071245772,0.001852171243,1.181934264,0.001121533484,0.8983125735,0.001243490257,0.9197531631,0.001218909096,-0.3573578228,0.0009360656908,3.510142686,0.004478333936,0.01172571003,0.0003226130313,0.2836216902,-0.02144058961
1.5,0.95,1438.417843,3.0971628,1.032674854,0.001620352579,1.093585951,0.0009254424195,0.9471882902,0.0007205689272,0.9592257591,0.0008887485987,-0.2642980353,0.0005082997048,5.061750541,0.006908755278,0.0080540484,0.0003213433636,0.1463976608,-0.01203746888
2,0.5,129.9195733,0.7023940185,1.775017871,0.006127648092,1.844442564,0.001724999361,0.5489127038,0.001405407288,0.6066447319,0.002082006466,-0.5954463081,0.00126916109,1.753137004,0.004091234926,0.02351023169,0.0006123355481,1.295529861,-0.05773202809
2,0.55,142.4465145,0.8248881031,1.678433944,0.005023378399,1.781598795,0.00226594879,0.5782361274,0.001439386193,0.6401650779,0.001950625579,-0.5897560111,0.001341865486,1.80796766,0.004878061498,0.022549865,0.0004428144437,1.203362668,-0.06192895052
2,0.6,159.9646982,0.8037242475,1.578963981,0.006287055782,1.718452889,0.002425856974,0.6148314723,0.001014133574,0.6667156392,0.002281019651,-0.5849958413,0.001102204055,1.888427049,0.004671434523,0.0217749563,0.0003813354607,1.103621416,-0.05188416692
2,0.65,177.8822887,0.9028138354,1.477783275,0.004070505685,1.650264717,0.002700032087,0.6474687024,0.001852868373,0.7022665813,0.002257161689,-0.5697458868,0.001342922403,1.976360854,0.00414475371,0.02040173139,0.0004192245493,1.002796014,-0.05479787888
2,0.7,207.9884519,0.8259506887,1.401664271,0.004490501971,1.573426412,0.002650759059,0.6881071485,0.001268887128,0.7384664394,0.00232057265,-0.5536595992,0.001435542257,2.109129837,0.005289364917,0.01903277268,0.0005187036033,0.8853192639,-0.05035929087
2,0.75,252.7829657,0.9312579341,1.316921993,0.003935095432,1.494756134,0.001951756545,0.7304236804,0.001630810523,0.7748201861,0.001545383465,-0.53151344,0.00105296379,2.307714328,0.004466887668,0.01740767065,0.0004188597355,0.7643324533,-0.04439650566
2,0.8,312.6862764,1.177879109,1.251864017,0.003194792458,1.411192249,0.002378516489,0.7765144669,0.001482231779,0.8122932838,0.001875067475,-0.4979039792,0.001336134288,2.55912485,0.00535768991,0.01606534795,0.0002907171482,0.6346777826,-0.03577881694
2,0.85,419.699251,2.277499534,1.17660064,0.002532894997,1.320722593,0.002096648293,0.8262188063,0.001430337939,0.8530586011,0.00147941758,-0.4540699176,0.001436639151,2.951277906,0.008075060065,0.01423272476,0.0003743712804,0.4945037865,-0.02683979474
2,0.9,631.4614854,1.878323028,1.113750815,0.001869925384,1.219694388,0.001262163022,0.8793270565,0.001302634811,0.9009785557,0.001228798461,-0.3894577911,0.0009715731686,3.608059571,0.00637717196,0.01059031666,0.0005023988253,0.3403673316,-0.02165149919
2,0.95,1282.970243,3.999124418,1.056914823,0.001771026852,1.114924481,0.001581577008,0.9357590499,0.001424370977,0.9493164695,0.001269342535,-0.2906205379,0.001132391739,5.133210967,0.0102475106,0.008419933012,0.0003277500891,0.1791654309,-0.01355741953
2.5,0.5,126.7565503,0.867663145,1.896018207,0.008310076786,1.896232172,0.002428338165,0.5222573985,0.001843015878,0.5815104292,0.001577410936,-0.596336083,0.001605633718,1.873751925,0.005069103728,0.02432770513,0.0006023703333,1.373974774,-0.05925303068
2.5,0.55,136.3459668,0.7611476529,1.79038643,0.005837044887,1.838967136,0.002352036918,0.5492046406,0.001457736846,0.6118282237,0.002349574296,-0.5935701736,0.001980717879,1.924200018,0.004805056197,0.0230919481,0.0004993613606,1.289762495,-0.06262358307
2.5,0.6,150.4940057,0.9201811481,1.680423834,0.005173589883,1.776810977,0.002276358345,0.582921063,0.0020752547,0.6402679603,0.001879028677,-0.5880014289,0.001753366955,1.985720247,0.005671139803,0.02065628325,0.0007268287308,1.193889914,-0.05734689733
2.5,0.65,169.6285958,0.7581114742,1.578455386,0.004392520141,1.703605856,0.002701773408,0.6186166236,0.001453344602,0.6777775202,0.001835177349,-0.5786812302,0.001081952204,2.083289364,0.006517924945,0.02042199909,0.0004330194124,1.084989233,-0.05916089667
2.5,0.7,194.2939337,0.9617853441,1.481715227,0.004359373032,1.622663771,0.002649303704,0.6606771356,0.001442135065,0.7166590933,0.002273397822,-0.5647261939,0.001066321168,2.210803217,0.00639525308,0.01907215322,0.0005542892687,0.9619866356,-0.05598195771
2.5,0.75,234.0148878,1.108541736,1.401276869,0.003761653579,1.54574286,0.001837978915,0.7060022982,0.001813454145,0.748254842,0.001893503623,-0.5460651414,0.00134902415,2.389085011,0.007191991851,0.01715024734,0.0006042859724,0.8397405618,-0.04225254375
2.5,0.8,287.2232929,1.453608101,1.30602452,0.003659505297,1.454885812,0.002034835902,0.7525100004,0.001744106594,0.7926041873,0.00256881084,-0.5138075402,0.001530585675,2.628757068,0.006669470891,0.01489382999,0.0004939135637,0.702375812,-0.0400941869
2.5,0.85,379.3947519,2.482186714,1.219994846,0.003669784409,1.355113681,0.001850805591,0.8072343581,0.001154970803,0.8376519609,0.00189382148,-0.4736274119,0.001548561678,3.00199996,0.01023262035,0.01310481522,0.0004333122479,0.5478793231,-0.03041760286
2.5,0.9,570.0424736,1.714506172,1.142181482,0.002997148306,1.248484628,0.001655807795,0.8621203991,0.001448069681,0.8893949732,0.001845297929,-0.4089456584,0.001329054887,3.669772929,0.006914122615,0.01150446087,0.0003526856293,0.3863642287,-0.02727457404
2.5,0.95,1148.533317,4.020618328,1.066734266,0.00210087367,1.130512031,0.001122910449,0.9287506664,0.001095582926,0.9407373023,0.001378865695,-0.3087283583,0.0006246131487,5.187128191,0.008767087976,0.007233376028,0.0003280457447,0.2017613651,-0.01198663588
3,0.5,121.0398923,0.6226301556,1.962134882,0.0106579744,1.930868027,0.002891187781,0.502739411,0.001695176143,0.5663925617,0.002223958442,-0.5970109943,0.001332162529,1.959423303,0.006018460541,0.02506461957,0.00061254008,1.428128616,-0.06365315077
3,0.55,130.1324917,0.6235756895,1.856370955,0.00738887544,1.868837499,0.002735443327,0.5305655745,0.00174677773,0.6005969261,0.002223717835,-0.5933334825,0.002043647064,2.00400904,0.004754284374,0.02235172536,0.0006700308838,1.338271925,-0.07003135158
3,0.6,142.1710245,1.025159499,1.743939558,0.007119038937,1.813632564,0.00333318083,0.5622021762,0.001792850949,0.6241652592,0.002795170468,-0.5898570086,0.002290969639,2.061781237,0.005567824525,0.02159547627,0.0005310701219,1.251430388,-0.06196308301
3,0.65,161.3491368,0.9888420511,1.633092062,0.005106608801,1.739591302,0.003204260627,0.605978374,0.001953448768,0.6544303234,0.003335454869,-0.5872980731,0.00175123593,2.161014817,0.008017751576,0.01972941042,0.0005309808682,1.133612929,-0.0484519494
3,0.7,183.7982985,1.061670711,1.542688623,0.007571324031,1.659750944,0.002912269782,0.6448007727,0.002053898648,0.6954482835,0.00282217334,-0.5721599209,0.001481084669,2.279829591,0.004655002535,0.0191204689,0.000440917873,1.014950171,-0.05064751084
3,0.75,215.2618522,1.425653844,1.433297946,0.004310191438,1.581520571,0.002278179471,0.6887467323,0.002043505322,0.7297326964,0.002732332963,-0.5538427771,0.001855787726,2.440693102,0.007285231258,0.01732918113,0.0006100242013,0.8927738387,-0.04098596411
3,0.8,265.7000321,1.175817127,1.347053015,0.003646589291,1.488824684,0.002873783141,0.7332881158,0.001718111433,0.7778871999,0.002295141959,-0.5246904003,0.001276375596,2.683427047,0.005420435223,0.01695347512,0.0003968532063,0.7555365683,-0.04459908409
3,0.85,353.4414385,1.430871129,1.248057174,0.002744137087,1.383812525,0.001680254605,0.7933148436,0.001734133038,0.8228726312,0.002071287869,-0.4866391466,0.001229244572,3.067887234,0.00805369655,0.01360816089,0.0004471139918,0.5904976814,-0.02955778767
3,0.9,523.0935444,1.913626128,1.161678599,0.00256319107,1.269134286,0.001849232807,0.8553073463,0.001177163855,0.8755583671,0.001901464668,-0.423643519,0.0009973046829,3.725477624,0.008141474825,0.01121021259,0.0003604756271,0.4138269401,-0.02025102072
3,0.95,1029.119492,4.326399145,1.077411514,0.00213774417,1.14117313,0.001801844235,0.9231990027,0.001558781737,0.935627867,0.002005945595,-0.3185239789,0.001371414644,5.219445378,0.01207135283,0.007392267354,0.0003009901616,0.2179741274,-0.01242886434
