AR,alpha,seeds,windows,Tstar,Tstar_se,Tstar_seed_spread,theta,theta_se,theta_seed_spread,a2_tr,a2_tr_se,a2_tr_seed_spread,a2_rot,a2_rot_se,a2_rot_seed_spread,Pk_xx,Pk_xx_se,Pk_xx_seed_spread,Pk_yy,Pk_yy_se,Pk_yy_seed_spread,Pk_zz,Pk_zz_se,Pk_zz_seed_spread,Pk_xy,Pk_xy_se,Pk_xy_seed_spread,Pc_xx,Pc_xx_se,Pc_xx_seed_spread,Pc_yy,Pc_yy_se,Pc_yy_seed_spread,Pc_zz,Pc_zz_se,Pc_zz_seed_spread,Pc_xy,Pc_xy_se,Pc_xy_seed_spread,P_xx,P_xx_se,P_xx_seed_spread,P_yy,P_yy_se,P_yy_seed_spread,P_zz,P_zz_se,P_zz_seed_spread,P_xy,P_xy_se,P_xy_seed_spread,N1,N1_se,N1_seed_spread,N2,N2_se,N2_seed_spread,nu_over_gdot,nu_over_gdot_se,nu_over_gdot_seed_spread,S2_nematic,S2_nematic_se,S2_nematic_seed_spread,flags
1.5,0.5,2,480,127.856702,0.4579432115,0.4122668262,1.489212508,0.004275851749,0.001770158399,0.3852633874,0.003452597127,0.001660925387,0.05843467393,0.003397720683,0.001207992851,1.764340047,0.001810788391,0.002994217181,0.5869915459,0.001144994642,0.003398341104,0.6486684073,0.00167591909,0.0004041239461,-0.5880673757,0.001185969656,0.002164449179,0.03870348893,7.477785052e-05,0.000150470416,0.02583424433,5.353734534e-05,3.413465928e-05,0.02645656996,6.006954437e-05,8.406704401e-05,-0.007098668709,3.230120187e-05,9.313839453e-05,1.803043536,0.001799831423,0.002843746765,0.6128257902,0.001167186398,0.003432475764,0.6751249772,0.001691722274,0.0004881909901,-0.5951660444,0.001191880702,0.002257587574,1.190217746,0.002524004846,0.006276222529,-0.06229918698,0.002247231231,0.003920666754,1.547248622,0.003063018414,0.0009905364578,0.02595953696,0.0005815226336,0.001629552758,C12 -
1.5,0.55,2,480,143.4063381,0.4495587217,1.39191654,1.416004629,0.004116556735,0.007860213432,0.3493112681,0.004761251396,0.003711885601,0.05607848362,0.002268719978,0.001823108235,1.701383612,0.002206424628,0.002394571317,0.6216641262,0.001277203638,0.002456309846,0.6769522624,0.001365170614,6.173852835e-05,-0.5815737398,0.0007643813074,0.001163866425,0.03944644343,7.39076626e-05,2.582228436e-05,0.02720218585,6.453166093e-05,0.0001451299473,0.02784749918,6.25890065e-05,6.765111426e-07,-0.007218242186,4.846001057e-05,9.004403234e-05,1.740830055,0.002164767495,0.002368749032,0.648866312,0.001324260843,0.002601439794,0.7047997616,0.001381904783,6.106201721e-05,-0.588791982,0.000776544865,0.001073822393,1.091963743,0.003330842966,0.004970188826,-0.05593344958,0.00146726755,0.002662501811,1.627702284,0.002707009359,0.005870146463,0.02536068083,0.0005818946436,0.0002235417763,C1 C2
1.5,0.6,2,480,159.0152686,0.5426297528,1.742564824,1.349483491,0.003837747203,0.008376932349,0.3091448141,0.002937001479,0.001524281097,0.05348712518,0.002836527458,0.0007816979547,1.635506038,0.001774385012,0.0008900533855,0.653852409,0.0009575573769,0.002555599042,0.7106415532,0.001739547021,0.003445652398,-0.5665886479,0.001298518791,0.002494165171,0.04015298389,7.253565646e-05,5.302189452e-05,0.02882446886,6.037442936e-05,3.623610696e-05,0.029423683,5.935029908e-05,3.911615488e-05,-0.007327799446,3.770534591e-05,1.13425237e-05,1.675659022,0.001774952302,0.00094307528,0.6826768779,0.0009835124465,0.002519362935,0.7400652362,0.001764861531,0.003484768553,-0.5739164474,0.001299748698,0.002482822648,0.9929821442,0.002276411102,0.001576287655,-0.05738835834,0.002210373427,0.006004131488,1.707619093,0.003208908934,0.01235612564,0.02413823959,0.0005851995536,0.0003933618144,C6 C3
1.5,0.65,2,480,184.3279819,0.6074876824,1.742909001,1.294921687,0.003695762193,0.002428743569,0.2633919697,0.003289532356,0.001921577969,0.04422017355,0.00337584431,0.002951933861,1.56663844,0.001999669377,0.0008815930814,0.6900721404,0.001227995024,0.0007137623549,0.7432894201,0.001558217242,0.000167830726,-0.5507569345,0.0007223311251,0.0009685205891,0.04077897781,9.817148462e-05,5.931197849e-05,0.0303532947,8.370388439e-05,0.000144037747,0.03084068263,6.702676812e-05,2.591083662e-05,-0.007347585498,4.618926502e-05,4.675074646e-05,1.607417418,0.001994489924,0.0009409050599,0.7204254351,0.001279881512,0.0005697246079,0.7741301027,0.001589797207,0.0001419198894,-0.55810452,0.0007293460146,0.0009217698427,0.8869919826,0.00295121709,0.001510629668,-0.05370466765,0.002014321769,0.0004278047185,1.82971359,0.003354709174,0.007814586173,0.02262255365,0.0004165779651,0.0005095886134,C1 C2
1.5,0.7,2,480,218.9516391,0.839480994,0.190738986,1.243679578,0.003951453935,0.002144042437,0.2235689752,0.002481079811,0.002790789746,0.04031736574,0.002546468469,0.0001577220447,1.499046543,0.001358585739,0.001060744282,0.7272175776,0.00125241419,0.001854661095,0.7737358799,0.00125760107,0.0007939168022,-0.5319426211,0.000878791551,0.001273420055,0.0413987559,7.474693023e-05,7.54825653e-05,0.03172563913,6.697480134e-05,0.0001407678812,0.03228125851,6.363484562e-05,1.094613574e-05,-0.007212038842,3.274877959e-05,1.895118943e-05,1.540445299,0.001357964378,0.001136226847,0.7589432167,0.001269692415,0.001995428976,0.8060171384,0.001251377522,0.0008048629379,-0.5391546599,0.00088991122,0.001292371245,0.781502082,0.002290919003,0.003131655824,-0.04707392167,0.002125107959,0.002800291914,1.983146555,0.004109418128,0.003638034599,0.02168569219,0.0004332838091,8.192773766e-05,- C1
1.5,0.75,2,480,266.2733736,0.703895276,0.8598892922,1.193146135,0.003006882786,0.00080097289,0.1805780939,0.003323078064,0.001593482562,0.03373464196,0.001881817074,0.002306236569,1.421497947,0.002015874045,0.006403482795,0.7699748694,0.001228031242,0.002279973478,0.8085271842,0.001894210947,0.004123509325,-0.5050780322,0.001107253417,0.0003488983052,0.04185948494,7.87551514e-05,5.575625801e-05,0.03337626903,5.477456458e-05,2.979270787e-05,0.03385628661,7.261801564e-05,0.0001077504338,-0.00705013479,3.057868266e-05,3.921766823e-05,1.463357432,0.002006605158,0.006459239053,0.8033511385,0.001250575216,0.00225018077,0.8423834708,0.001937400814,0.004231259759,-0.512128167,0.001119303279,0.000309680637,0.6600062932,0.002777275234,0.008709419822,-0.03903233235,0.002506736289,0.00198107899,2.180679448,0.003550507186,0.006118965063,0.01967676694,0.0004780719221,0.0001427693979,- -
1.5,0.8,2,480,339.7093022,0.8420382595,3.123026179,1.158976577,0.00273395748,0.003985096093,0.1356660203,0.002007646985,0.001041828368,0.02291976487,0.001789545578,0.005218726607,1.346980013,0.001472373935,0.001922596823,0.8108327147,0.001443309084,0.0009398253591,0.8421872723,0.001107186198,0.0009827715013,-0.4694514257,0.0007570335978,0.0006729651757,0.04209542621,5.539532097e-05,9.339652018e-05,0.03511220818,5.945051697e-05,4.03919113e-05,0.03547115765,6.429418405e-05,0.0003118190686,-0.006711775594,4.440226225e-05,1.65658232e-05,1.38907544,0.001469621925,0.002015993343,0.8459449229,0.001472763578,0.0009802172704,0.8776584299,0.001124118614,0.0006709524327,-0.4761632013,0.0007436652519,0.0006563993525,0.5431305166,0.002719021762,0.002996210613,-0.03171350703,0.002134016103,0.0003092648377,2.459930044,0.003863491338,0.006900671773,0.0165038226,0.0004555289075,0.0004457538336,- -
1.5,0.85,2,480,455.4758497,1.060848697,1.195143316,1.106300862,0.002149160999,0.00573245465,0.09687536137,0.001598664308,0.00184273493,0.01766735928,0.001274915372,0.002988033524,1.265869783,0.001200850868,0.000259494338,0.8532586978,0.001180593628,0.0009253138935,0.8808715201,0.001094196012,0.0006658194787,-0.4214342555,0.0009080207986,0.0006864814257,0.04255422643,5.226280155e-05,3.513785093e-05,0.03692867187,4.896875224e-05,1.040474826e-05,0.03726220461,7.234902819e-05,8.615934822e-05,-0.006193107358,2.790892334e-05,4.181450102e-05,1.308424009,0.001189202584,0.000294632189,0.8901873697,0.001206693692,0.0009149091453,0.9181337247,0.00110934819,0.0005796601305,-0.4276273628,0.000899568814,0.0006446669247,0.4182366393,0.002125040434,0.001209541334,-0.02794635501,0.001954472632,0.001494569276,2.846899178,0.003295008244,0.006977105269,0.01433694519,0.0002882554808,0.0006289395037,- -
1.5,0.9,2,480,692.8763669,2.152485454,2.220222268,1.071245772,0.001852171243,0.002926357315,0.05881493512,0.001271638618,0.002182666983,0.01102183715,0.001692123437,0.003008738255,1.181934264,0.001121533484,0.0003892449483,0.8983125735,0.001243490257,0.002069762234,0.9197531631,0.001218909096,0.001680517271,-0.3573578228,0.0009360656908,0.0004661862516,0.04273291566,7.35751102e-05,3.139174063e-05,0.03883447119,7.51009081e-05,6.468189396e-05,0.03905574681,6.752258437e-05,0.0001278052518,-0.005435392712,2.944570367e-05,0.0001119134272,1.224667179,0.00113150619,0.0004206366889,0.9371470447,0.001297151118,0.002134444128,0.9588089099,0.001233176435,0.001808322523,-0.3627932155,0.0009409016197,0.0005780996788,0.2875201346,0.002086143918,0.002555080817,-0.02166186523,0.002237741539,0.00394276665,3.510142686,0.004478333936,0.005275527112,0.01172571003,0.0003226130313,0.0002290182708,- -
1.5,0.95,2,480,1438.417843,3.0971628,0.2216165328,1.032674854,0.001620352579,0.0003264831117,0.02642366215,0.0007575729585,0.001108987356,0.004739388017,0.001403735326,0.002538855882,1.093585951,0.0009254424195,0.001004982621,0.9471882902,0.0007205689272,0.001071974073,0.9592257591,0.0008887485987,0.002076956664,-0.2642980353,0.0005082997048,1.942899362e-05,0.04282144593,6.168231128e-05,7.556321972e-05,0.04069895263,6.13234105e-05,1.932543268e-06,0.04090325061,6.138147805e-05,2.94719718e-06,-0.004076311916,2.802416056e-05,1.479313989e-05,1.136407397,0.0009379269189,0.00108054584,0.9878872428,0.0007080005899,0.001070041529,1.00012901,0.000911411399,0.002079903861,-0.2683743472,0.0005038017069,3.422213351e-05,0.1485201541,0.00141441088,1.0504311e-05,-0.01224176686,0.001320681592,0.003149945391,5.061750541,0.006908755278,0.0003083875997,0.0080540484,0.0003213433636,0.0005929285773,- -
2,0.5,2,480,129.9195733,0.7023940185,1.310534115,1.775017871,0.006127648092,0.004476047982,0.4382970749,0.006280209535,0.007220857983,0.106505495,0.004463327661,0.001838879777,1.844442564,0.001724999361,0.000856777723,0.5489127038,0.001405407288,0.0007023679348,0.6066447319,0.002082006466,0.0001544097729,-0.5954463081,0.00126916109,0.001449266562,0.04011431408,9.977456801e-05,0.0001252390381,0.02642193687,6.88459994e-05,6.081866037e-05,0.02683682304,7.308530789e-05,9.284722272e-05,-0.007224583171,4.649201746e-05,2.287959674e-05,1.884556879,0.001719654237,0.0007315386848,0.5753346407,0.001417756186,0.0007631865952,0.6334815549,0.002092889886,6.156255013e-05,-0.6026708913,0.00126660977,0.001472146159,1.309222238,0.002361623151,0.00149472528,-0.05814691426,0.003133794186,0.0007016240451,1.753137004,0.004091234926,0.01128819324,0.02351023169,0.0006123355481,0.0001669546337,C3 C3
2,0.55,2,480,142.4465145,0.8248881031,3.624018111,1.678433944,0.005023378399,0.00922704318,0.3921130814,0.006121122785,0.007845257872,0.09708675511,0.003732080839,0.002827594686,1.781598795,0.00226594879,0.00121921186,0.5782361274,0.001439386193,0.003350237952,0.6401650779,0.001950625579,0.004569449824,-0.5897560111,0.001341865486,0.003728379857,0.0408320194,0.0001185934169,0.0001826225099,0.02786854585,7.36140686e-05,0.0001796236056,0.02841117583,7.100360939e-05,0.0001722052353,-0.007342404174,4.753745685e-05,0.0001873514954,1.822430814,0.002253256462,0.00103658935,0.6061046732,0.001460321974,0.003170614346,0.6685762537,0.001985416642,0.00474165506,-0.5970984153,0.001347781946,0.003541028361,1.216326141,0.003274072777,0.002134024996,-0.0624715805,0.002604505198,0.007912269406,1.80796766,0.004878061498,0.01360952839,0.022549865,0.0004428144437,0.001308604303,C5 C2
2,0.6,2,480,159.9646982,0.8037242475,1.072228962,1.578963981,0.006287055782,0.008740537829,0.3477326923,0.005070391888,0.003541518917,0.08567215632,0.002736914924,0.002773742366,1.718452889,0.002425856974,0.002645797974,0.6148314723,0.001014133574,0.001770110266,0.6667156392,0.002281019651,0.0008756877374,-0.5849958413,0.001102204055,0.002260072337,0.04204156682,0.0001566573616,3.696701563e-05,0.02930122703,0.0001023263002,5.124745933e-05,0.02988835498,0.000123152025,0.0001281713211,-0.00738721777,5.732390132e-05,1.634922467e-05,1.760494456,0.002386992625,0.002608830959,0.6441326993,0.001086470199,0.001821357726,0.6966039942,0.002300887169,0.001003859059,-0.592383059,0.001116460547,0.002243723112,1.116361756,0.002919762204,0.004430188684,-0.05247129486,0.002588338817,0.0008174986672,1.888427049,0.004671434523,0.01369114112,0.0217749563,0.0003813354607,9.873369506e-05,C2 C2
2,0.65,2,480,177.8822887,0.9028138354,0.4645387276,1.477783275,0.004070505685,0.008798087043,0.3031115529,0.005622927751,0.001172974597,0.07424593537,0.002885753231,0.00226919039,1.650264717,0.002700032087,0.002004438863,0.6474687024,0.001852868373,0.003448656911,0.7022665813,0.002257161689,0.005453095779,-0.5697458868,0.001342922403,0.001829570649,0.04297401672,0.0001150640223,0.0002028030344,0.03110966125,8.194195778e-05,0.0001025686785,0.03185233504,7.571840616e-05,2.473477498e-06,-0.007500519407,3.930366181e-05,0.0001549909464,1.693238733,0.002699742615,0.002207241897,0.6785783637,0.001873490307,0.00355122559,0.7341189163,0.002285561367,0.005450622302,-0.5772464062,0.001350590944,0.001674579702,1.01466037,0.004060870578,0.001343983692,-0.05554055267,0.003149216062,0.009001847891,1.976360854,0.00414475371,0.004728338586,0.02040173139,0.0004192245493,3.514282418e-05,- -
2,0.7,2,480,207.9884519,0.8259506887,0.5057568143,1.401664271,0.004490501971,0.001105120277,0.2651390646,0.004686059213,0.003897950703,0.06924863479,0.002624025101,0.00363127475,1.573426412,0.002650759059,0.0002181037602,0.6881071485,0.001268887128,0.001078915776,0.7384664394,0.00232057265,0.0008608120206,-0.5536595992,0.001435542257,0.001364894063,0.04366344629,0.0001042387459,3.902455728e-05,0.03288042201,6.987755212e-05,8.308743815e-05,0.03345019617,9.836393002e-05,1.083579098e-06,-0.007435518105,4.717564024e-05,1.179979906e-05,1.617089859,0.002619637753,0.0002571283175,0.7209875705,0.001299912456,0.001162003214,0.7719166355,0.002361830719,0.0008618955997,-0.5610951173,0.00143869943,0.001376693862,0.8961022881,0.003455656376,0.001419131531,-0.05092906503,0.002663616467,0.002023898814,2.109129837,0.005289364917,0.002088350671,0.01903277268,0.0005187036033,0.0004017617952,C1 -
2,0.75,2,480,252.7829657,0.9312579341,0.3740991186,1.316921993,0.003935095432,0.000353269712,0.2108683859,0.002362098467,0.006771824641,0.05602336594,0.002814108498,0.003541194265,1.494756134,0.001951756545,0.005345033381,0.7304236804,0.001630810523,0.001938905647,0.7748201861,0.001545383465,0.003406127728,-0.53151344,0.00105296379,0.001511714205,0.04426120002,8.520645389e-05,7.085924614e-05,0.03476705695,7.073141417e-05,7.840691632e-05,0.03536124132,9.312898004e-05,8.675612815e-05,-0.007361919898,5.275317581e-05,6.571747485e-05,1.539017334,0.001918148909,0.005274174135,0.7651907374,0.001662154734,0.002017312563,0.8101814274,0.001529329983,0.003492883856,-0.5388753599,0.001067503787,0.00144599673,0.7738265963,0.003237047117,0.007291486698,-0.04499069002,0.002519149354,0.001475571293,2.307714328,0.004466887668,0.005605401919,0.01740767065,0.0004188597355,0.0001731720375,- -
2,0.8,2,480,312.6862764,1.177879109,1.681430551,1.251864017,0.003194792458,0.0003291477583,0.1662243371,0.00195444758,0.002608819811,0.04511015107,0.00138623095,0.004255584815,1.411192249,0.002378516489,0.003256177932,0.7765144669,0.001482231779,0.003685281887,0.8122932838,0.001875067475,0.0004291039353,-0.4979039792,0.001336134288,0.0005124521431,0.04503278264,0.0001001320209,7.146693464e-05,0.03705451736,0.0001007589292,0.0001932952079,0.03746753932,0.0001024006688,1.91016384e-05,-0.007117706094,5.292936617e-05,9.506278355e-05,1.456225032,0.002362953125,0.003184710997,0.8135689843,0.001555571661,0.003878577094,0.8497608231,0.00193490323,0.0004482055737,-0.5050216853,0.001345530162,0.0004173893595,0.6426560479,0.003557200562,0.007063288092,-0.03619183889,0.002452327397,0.004326782668,2.55912485,0.00535768991,0.003879522532,0.01606534795,0.0002907171482,5.676616003e-05,- -
2,0.85,2,480,419.699251,2.277499534,0.8403305979,1.17660064,0.002532894997,0.001149661434,0.1189537038,0.002014589791,0.005392091978,0.03000113482,0.00184581844,0.003248186227,1.320722593,0.002096648293,0.00253030533,0.8262188063,0.001430337939,0.002789185247,0.8530586011,0.00147941758,0.0002588799511,-0.4540699176,0.001436639151,0.001312625895,0.0457762781,9.442117391e-05,2.883475754e-05,0.03923507358,0.0001048388545,0.0001923579972,0.03955769434,8.99679066e-05,0.0002217344542,-0.006689258689,5.22043262e-05,5.759916679e-05,1.366498871,0.002119155301,0.002501470572,0.8654538799,0.00146423746,0.002981543244,0.8926162954,0.001517806762,3.714549692e-05,-0.4607591763,0.001454471604,0.001370225062,0.501044991,0.003338439453,0.005483013817,-0.02716241551,0.002042178534,0.003018688741,2.951277906,0.008075060065,0.005048274287,0.01423272476,0.0003743712804,3.168318392e-05,- -
2,0.9,2,480,631.4614854,1.878323028,1.768895922,1.113750815,0.001869925384,4.51300652e-05,0.07494582493,0.001201510556,0.001418993089,0.0180823046,0.001679823758,6.904542674e-05,1.219694388,0.001262163022,0.001342671425,0.8793270565,0.001302634811,0.002811377623,0.9009785557,0.001228798461,0.001468706168,-0.3894577911,0.0009715731686,0.0005521774419,0.04624394093,8.82524477e-05,0.0002243076714,0.04166656606,8.881102011e-05,2.594006073e-05,0.04189259087,6.949337829e-05,0.0001076288847,-0.005893779525,4.731315037e-05,8.730579658e-05,1.265938329,0.001270607653,0.001566979096,0.9209936225,0.001342379348,0.002837317684,0.9428711465,0.001244863904,0.001576335052,-0.3953515707,0.0009820862576,0.0006394832385,0.3449447065,0.002277027678,0.00440429678,-0.021877524,0.002236898122,0.004413652736,3.608059571,0.00637717196,0.007649021539,0.01059031666,0.0005023988253,0.0003342158819,- -
2,0.95,2,480,1282.970243,3.999124418,2.178287449,1.056914823,0.001771026852,0.003878115263,0.03242541582,0.0008590350779,0.003042239702,0.009764672662,0.001509857405,0.0007338190409,1.114924481,0.001581577008,0.0004757096453,0.9357590499,0.001424370977,0.000142662426,0.9493164695,0.001269342535,0.000618372064,-0.2906205379,0.001132391739,0.0009856592671,0.04663872047,8.714184679e-05,0.0001257614555,0.04408970489,7.414306216e-05,9.041955726e-05,0.04430405986,8.575853928e-05,2.098009409e-05,-0.004542929253,4.280713828e-05,4.168329608e-06,1.161563201,0.001590519964,0.0006014711008,0.9798487548,0.00146362356,5.224286872e-05,0.9936205293,0.001316701334,0.0005973919699,-0.2951634672,0.001161626128,0.0009814909374,0.1817144465,0.002771193124,0.0005492282321,-0.0137717745,0.002247941337,0.0006496348386,5.133210967,0.0102475106,0.0007418867776,0.008419933012,0.0003277500891,0.0003745881799,- -
2.5,0.5,2,480,126.7565503,0.867663145,1.222196272,1.896018207,0.008310076786,0.00016334581,0.4607401458,0.009370012952,0.0136636134,0.1543411267,0.005140725968,0.002616193429,1.896232172,0.002428338165,0.001014633988,0.5222573985,0.001843015878,0.001115374708,0.5815104292,0.001577410936,0.002130008697,-0.596336083,0.001605633718,0.000276960521,0.04188943312,0.0001254806547,0.0002052478574,0.02720559318,0.0001075822093,0.0002739451586,0.02773155228,7.054718663e-05,3.543543244e-05,-0.007352617216,4.722232084e-05,7.375263323e-05,1.938121606,0.002413533612,0.001219881846,0.5494629917,0.001874487678,0.001389319867,0.6092419815,0.001620406729,0.002094573264,-0.6036887002,0.001593748216,0.0002032078878,1.388658614,0.004050613384,0.0001694380212,-0.05977898978,0.002449046377,0.003483893131,1.873751925,0.005069103728,0.000548497656,0.02432770513,0.0006023703333,0.0002669532253,C2G2 C2
2.5,0.55,2,480,136.3459668,0.7611476529,0.5367650302,1.79038643,0.005837044887,0.005503378166,0.4199728692,0.007660083118,0.002353711694,0.1291176552,0.003113011863,0.0003474627302,1.838967136,0.002352036918,0.002255307423,0.5492046406,0.001457736846,0.0006722110155,0.6118282237,0.002349574296,0.001583096385,-0.5935701736,0.001980717879,0.0009367075466,0.04318435035,0.0001381638282,8.963274246e-05,0.02889709966,8.381382707e-05,9.18743352e-05,0.02948398675,0.0001151436175,0.0001874767393,-0.007575680593,5.809494074e-05,0.000142329763,1.882151486,0.00229957478,0.002344940166,0.5781017403,0.001492423989,0.0005803366803,0.6413122105,0.0023723105,0.001395619646,-0.6011458542,0.001976353975,0.0007943777836,1.304049746,0.003112889869,0.002925276846,-0.06321047016,0.003125149942,0.0008152829653,1.924200018,0.004805056197,0.006586242666,0.0230919481,0.0004993613606,0.0009124855815,C2 C4
2.5,0.6,2,480,150.4940057,0.9201811481,2.256896132,1.680423834,0.005173589883,0.004959281279,0.3772504724,0.006141371745,0.0009678792179,0.1260667609,0.003696592109,0.00179954424,1.776810977,0.002276358345,0.0005214792376,0.582921063,0.0020752547,0.0003783186636,0.6402679603,0.001879028677,0.0001431605583,-0.5880014289,0.001753366955,0.0002359259038,0.04422765527,0.000119503681,0.0003253880204,0.03070926264,0.0001187160822,3.918010378e-05,0.03126978628,0.0001332761255,8.188816358e-05,-0.007836810227,7.199521538e-05,0.000236727152,1.821038632,0.002283580782,0.000846867258,0.6136303256,0.002119134434,0.0003391385598,0.6715377466,0.001961022104,6.127239469e-05,-0.5958382392,0.001740181336,8.012481367e-07,1.207408306,0.003949752108,0.001186005818,-0.05790742097,0.003368135578,0.0002778661651,1.985720247,0.005671139803,0.007191147965,0.02065628325,0.0007268287308,0.0006373819101,C2H1 -
2.5,0.65,2,480,169.6285958,0.7581114742,1.276931157,1.578455386,0.004392520141,0.01513049997,0.3294679644,0.004760863382,0.001413094448,0.1020037485,0.004346978914,0.002634638148,1.703605856,0.002701773408,0.0004408840093,0.6186166236,0.001453344602,0.0005500674071,0.6777775202,0.001835177349,0.0009909514254,-0.5786812302,0.001081952204,0.0001194701705,0.04534358526,0.0001375813141,0.0001496173411,0.0326779804,0.0001101718349,4.165829824e-05,0.03310286794,0.0001248560712,2.628432992e-06,-0.007907324591,5.674493269e-05,3.978291258e-05,1.748949442,0.002657585313,0.0005905013504,0.651294604,0.00150821924,0.0005917257053,0.7108803882,0.001875917469,0.0009935798584,-0.5865885548,0.001077512226,0.0001592530831,1.097654838,0.00393840514,1.224354897e-06,-0.05958578421,0.001940162062,0.001585305564,2.083289364,0.006517924945,0.007320489908,0.02042199909,0.0004330194124,8.451976995e-05,C1G1 C2
2.5,0.7,2,480,194.2939337,0.9617853441,4.966681532,1.481715227,0.004359373032,0.001046705379,0.2761312409,0.005027675579,0.0116339622,0.09180037745,0.002718876425,0.01219998556,1.622663771,0.002649303704,0.0006128902789,0.6606771356,0.001442135065,0.00448407805,0.7166590933,0.002273397822,0.003871187782,-0.5647261939,0.001066321168,0.003473027401,0.04663470659,0.0001294543034,0.000326563262,0.03469014266,8.339712482e-05,0.0001534145072,0.03537413386,0.0001227162924,0.0002327666264,-0.008033595906,7.649022236e-05,1.350153262e-06,1.669298478,0.002609407746,0.0009394535409,0.6953672783,0.001500874756,0.004330663542,0.7520332272,0.002354908812,0.004103954408,-0.5727597898,0.001058405691,0.003471677248,0.9739311995,0.003631031714,0.005270117083,-0.0566659489,0.002802419043,0.00843461795,2.210803217,0.00639525308,0.01617546864,0.01907215322,0.0005542892687,0.0003549854512,- C3
2.5,0.75,2,480,234.0148878,1.108541736,1.447084492,1.401276869,0.003761653579,0.004194799236,0.2394879229,0.003246801453,0.007172803212,0.07647205543,0.002655880865,0.006578653866,1.54574286,0.001837978915,0.00410690846,0.7060022982,0.001813454145,0.005987101071,0.748254842,0.001893503623,0.01009400954,-0.5460651414,0.00134902415,0.005212584953,0.04735664415,0.0001096861105,0.0002116673693,0.03687931811,0.0001142162203,0.0003462690151,0.03729852305,0.0001119658567,4.319666552e-05,-0.007828525834,6.828482823e-05,6.915986358e-06,1.593099504,0.001830497002,0.004318575829,0.7428816163,0.001844675601,0.006333370086,0.785553365,0.001956764621,0.0101372062,-0.5538936672,0.001370550756,0.005219500939,0.8502178878,0.003131635264,0.002014794256,-0.04267174869,0.003259861766,0.01647057629,2.389085011,0.007191991851,0.0151021141,0.01715024734,0.0006042859724,0.0003995459986,- C1
2.5,0.8,2,480,287.2232929,1.453608101,2.824272114,1.30602452,0.003659505297,0.001069429606,0.1878931049,0.002663179674,0.001530726814,0.05674618506,0.003139140295,0.0008274008428,1.454885812,0.002034835902,0.001666317369,0.7525100004,0.001744106594,0.002343981775,0.7926041873,0.00256881084,0.004010299064,-0.5138075402,0.001530585675,0.001421649146,0.04845711109,0.0001190063167,9.89497099e-06,0.03948108453,8.299959923e-05,7.631611574e-05,0.03971497494,0.0001107182995,4.276792297e-05,-0.007626064245,8.670804617e-05,9.253931408e-05,1.503342923,0.00199766147,0.00167621234,0.7919910849,0.001747461663,0.002267665659,0.8323191622,0.002620334224,0.004053066987,-0.5214336045,0.001532370609,0.001329109832,0.7113518386,0.002775964047,0.0005914533195,-0.0403280773,0.003908635278,0.006320732646,2.628757068,0.006669470891,0.01050601529,0.01489382999,0.0004939135637,0.0004188648449,C1 -
2.5,0.85,2,480,379.3947519,2.482186714,3.2617257,1.219994846,0.003669784409,0.003483100998,0.1332314064,0.002391822741,0.002092216197,0.04252530304,0.002359349853,0.001820229108,1.355113681,0.001850805591,0.001485547578,0.8072343581,0.001154970803,0.002549133009,0.8376519609,0.00189382148,0.001063585422,-0.4736274119,0.001548561678,0.002531441295,0.04945546398,0.0001049145966,1.726881415e-05,0.04222274528,9.098479622e-05,0.0001082446951,0.04259220962,0.0001253027391,0.000180030481,-0.00730986054,6.95222594e-05,4.858026685e-05,1.404569145,0.001819930365,0.001468278764,0.8494571033,0.001172832993,0.002657377704,0.8802441705,0.001901241217,0.0008835549409,-0.4809372724,0.001569995501,0.002580021561,0.5551120418,0.002446896221,0.004125656468,-0.0307870672,0.002518933388,0.003540932645,3.00199996,0.01023262035,0.01513071428,0.01310481522,0.0004333122479,3.723739699e-05,- -
2.5,0.9,2,480,570.0424736,1.714506172,0.5870633996,1.142181482,0.002997148306,0.001406168822,0.08632999063,0.001751110154,0.001694231846,0.02731276467,0.001945657186,0.001905759918,1.248484628,0.001655807795,0.001163581419,0.8621203991,0.001448069681,0.001046662138,0.8893949732,0.001845297929,0.002210243613,-0.4089456584,0.001329054887,0.0001850312412,0.05025897204,9.827925573e-05,4.16188543e-05,0.04489224449,7.686443684e-05,3.846793719e-05,0.0452923023,0.0001005497903,1.827312459e-05,-0.006533758503,5.805094417e-05,4.943071604e-05,1.2987436,0.001682361114,0.001121962564,0.9070126436,0.001458770453,0.0010081942,0.9346872755,0.001864431849,0.002191970489,-0.4154794169,0.001330895548,0.0002344619572,0.3917309563,0.002524501304,0.000113768364,-0.02767463185,0.002890628185,0.003200164689,3.669772929,0.006914122615,0.003337887085,0.01150446087,0.0003526856293,0.0007664074024,- -
2.5,0.95,2,480,1148.533317,4.020618328,7.741492526,1.066734266,0.00210087367,0.003085027958,0.03877204697,0.001395902804,0.001666723963,0.01227463249,0.001650850411,0.003681505868,1.130512031,0.001122910449,4.637500501e-05,0.9287506664,0.001095582926,0.002745638722,0.9407373023,0.001378865695,0.002792013717,-0.3087283583,0.0006246131487,0.0007076073574,0.05088464732,6.876884506e-05,1.179220912e-05,0.04788121321,7.689436872e-05,3.465967362e-05,0.04815404121,7.64017756e-05,9.106607659e-07,-0.004872807809,6.574448336e-05,0.000105156181,1.181396679,0.001139385293,3.458279588e-05,0.9766318796,0.001138830781,0.002710979048,0.9888913435,0.001384980345,0.002791103056,-0.3136011661,0.0006612458784,0.0006024511764,0.2047647992,0.001772333245,0.002676396252,-0.01225946388,0.002257849386,0.005502082104,5.187128191,0.008767087976,0.01439454754,0.007233376028,0.0003280457447,0.000169686617,- -
3,0.5,2,480,121.0398923,0.6226301556,2.773168036,1.962134882,0.0106579744,0.01289552004,0.4782713703,0.00767877424,0.02011620018,0.1792992617,0.004462428366,0.0005471417971,1.930868027,0.002891187781,0.0002718613006,0.502739411,0.001695176143,0.003597368945,0.5663925617,0.002223958442,0.003325507616,-0.5970109943,0.001332162529,0.002309249171,0.04434705786,0.0001460115167,0.0001645977,0.02855886335,9.709530869e-05,0.0002533964897,0.02919944523,0.0001102680716,5.402936376e-05,-0.00776405337,6.977999116e-05,1.048871722e-05,1.975215085,0.002795428933,0.0004364590006,0.5312982743,0.001728446104,0.003343972456,0.595592007,0.002276254645,0.003271478253,-0.6047750477,0.00133228294,0.002298760454,1.443916811,0.004127590773,0.003780431456,-0.06429373264,0.002746396329,0.006615450708,1.959423303,0.006018460541,0.02334401931,0.02506461957,0.00061254008,0.0008195528734,C3G2H1 C5G2H1
3,0.55,2,480,130.1324917,0.6235756895,0.8937060878,1.856370955,0.00738887544,0.005569412114,0.4227517125,0.007053526571,0.008817798426,0.1597853906,0.004722819951,0.006223790708,1.868837499,0.002735443327,0.0002064906453,0.5305655745,0.00174677773,0.004330315442,0.6005969261,0.002223717835,0.004123824788,-0.5933334825,0.002043647064,0.003609506469,0.04557236838,0.000151449341,0.0002004205017,0.03041544744,0.0001251039034,4.313350197e-05,0.03089152861,0.0001169320948,0.0002916539939,-0.008095294015,7.797505138e-05,3.29556895e-05,1.914409868,0.002654970521,6.070143603e-06,0.5609810219,0.001797457806,0.004373448944,0.6314884547,0.002279162217,0.003832170794,-0.6014287765,0.002062202728,0.003642462159,1.353428846,0.00398130975,0.004379519088,-0.07050743275,0.002969839314,0.008205619738,2.00400904,0.004754284374,0.01330016508,0.02235172536,0.0006700308838,0.0001332125122,G1 C3G1
3,0.6,2,480,142.1710245,1.025159499,0.8738512872,1.743939558,0.007119038937,0.01397270254,0.398539039,0.01026299834,0.002350800771,0.1437299572,0.004410700921,0.002328068096,1.813632564,0.00333318083,0.001201990673,0.5622021762,0.001792850949,0.002069139572,0.6241652592,0.002795170468,0.003271130237,-0.5898570086,0.002290969639,0.002740734036,0.04692955723,0.0001274551223,0.0001289855669,0.0323415838,0.0001549189052,0.0001765392749,0.03283963162,0.0001715546178,0.0002632799933,-0.00829046734,9.005760665e-05,5.652125884e-05,1.860562122,0.003261272279,0.00133097624,0.59454376,0.00183660804,0.002245678847,0.6570048908,0.002841820429,0.003007850244,-0.5981474759,0.002278505241,0.002797255295,1.266018362,0.004597586537,0.000914702607,-0.06246113084,0.003270632039,0.005253529091,2.061781237,0.005567824525,0.005101881329,0.02159547627,0.0005310701219,0.0007975900218,G1H1 -
3,0.65,2,480,161.3491368,0.9888420511,0.9775460031,1.633092062,0.005106608801,0.01424108701,0.3582161282,0.00574873917,0.008023591322,0.1216069004,0.004642386077,0.005605207451,1.739591302,0.003204260627,0.0005285372538,0.605978374,0.001953448768,0.00163535427,0.6544303234,0.003335454869,0.002163891511,-0.5872980731,0.00175123593,0.00215520375,0.04816245854,0.0001934642577,0.0005348031166,0.03450349012,0.0001217990507,6.141403584e-06,0.03481233201,0.0001140680817,3.302306233e-07,-0.0085229904,9.057693502e-05,4.582150171e-05,1.787753761,0.003222293713,0.00106334037,0.6404818641,0.001965283676,0.001629212866,0.6892426554,0.003354513794,0.002164221741,-0.5958210635,0.001758335097,0.002201025252,1.147271897,0.004168903227,0.0005658724957,-0.04876079129,0.004410913617,0.003793434608,2.161014817,0.008017751576,0.01929698285,0.01972941042,0.0005309808682,0.0001185895453,C3 C2
3,0.7,2,480,183.7982985,1.061670711,0.4803653849,1.542688623,0.007571324031,0.003636192854,0.3074333779,0.005371661436,0.00867055054,0.1009761688,0.003286475286,0.009899466563,1.659750944,0.002912269782,0.002418226483,0.6448007727,0.002053898648,0.001491039538,0.6954482835,0.00282217334,0.0009271869614,-0.5721599209,0.001481084669,0.001788823185,0.04958458353,0.0001789670405,0.0004076353231,0.03664475291,0.0001662690812,0.0001306282127,0.03740173397,0.0001426438046,0.0002280414357,-0.00845645599,7.298820404e-05,6.229686841e-05,1.709335527,0.002798680134,0.002825861806,0.6814455256,0.002174744659,0.001360411325,0.7328500175,0.002897056555,0.001155228397,-0.5806163768,0.001473797617,0.001851120053,1.027890002,0.004151366054,0.004186273131,-0.0514044919,0.004088681021,0.0002051829278,2.279829591,0.004655002535,0.003960789397,0.0191204689,0.000440917873,0.0007544654439,C1 -
3,0.75,2,480,215.2618522,1.425653844,6.806200429,1.433297946,0.004310191438,0.007229575977,0.2536884577,0.005818429494,0.004246098852,0.08919135472,0.003699204013,0.0005278167499,1.581520571,0.002278179471,0.0007788138186,0.6887467323,0.002043505322,0.001342279883,0.7297326964,0.002732332963,0.0005634660448,-0.5538427771,0.001855787726,0.003571634494,0.05104329187,0.0001752310046,0.0001853714133,0.0392919699,0.0001407843802,0.0004957136865,0.03973719278,0.0001633011004,0.0002532970525,-0.008524104238,7.595301756e-05,0.0001160675077,1.632563863,0.002236807824,0.0009641852319,0.7280387022,0.002053564818,0.0008465661968,0.7694698892,0.002823324668,0.0008167630973,-0.5623668813,0.001837512211,0.003455566986,0.9045251606,0.003365133587,0.001810751429,-0.04143118699,0.004304077589,0.001663329294,2.440693102,0.007285231258,0.03214639486,0.01732918113,0.0006100242013,0.0004169001149,- -
3,0.8,2,480,265.7000321,1.175817127,3.236645139,1.347053015,0.003646589291,0.004918356449,0.196337554,0.003530859749,0.008189993559,0.06408937659,0.003518392975,0.002061943449,1.488824684,0.002873783141,0.005356924218,0.7332881158,0.001718111433,0.001882305436,0.7778871999,0.002295141959,0.00347461872,-0.5246904003,0.001276375596,1.918783108e-05,0.05215680904,0.0001670554942,0.0005577111343,0.04209971574,0.0001238348982,0.000186678444,0.04250174264,0.0001089884793,4.274147508e-05,-0.008360734969,9.536913704e-05,5.84884156e-05,1.540981493,0.002799017931,0.005914635353,0.7753878315,0.001794052619,0.001695626992,0.8203889425,0.002347406088,0.003517360195,-0.5330511353,0.001307873554,3.930058452e-05,0.7655936616,0.004135826257,0.007610262345,-0.04500111099,0.002920555935,0.001821733203,2.683427047,0.005420435223,0.009752332921,0.01695347512,0.0003968532063,0.0003129713913,- -
3,0.85,2,480,353.4414385,1.430871129,0.2550818498,1.248057174,0.002744137087,0.002654733788,0.1463728221,0.002399345818,0.003339285311,0.05069853153,0.001372096393,0.003112726904,1.383812525,0.001680254605,0.0004749079511,0.7933148436,0.001734133038,0.000118549015,0.8228726312,0.002071287869,0.0003563589637,-0.4866391466,0.001229244572,2.025849191e-05,0.05342241656,0.0001375589476,9.782117491e-05,0.04489217327,0.0001283996859,0.0003112136633,0.04526759434,0.0001557177291,2.250133596e-07,-0.007834071595,9.077928589e-05,6.513841447e-05,1.437234942,0.001705194699,0.000572729126,0.8382070168,0.001777674008,0.0004297626783,0.8681402256,0.002012459994,0.0003565839771,-0.4944732182,0.00124050653,8.539690638e-05,0.5990279247,0.002731931565,0.001002491804,-0.02993320873,0.003408346373,7.31787012e-05,3.067887234,0.00805369655,0.0004017767636,0.01360816089,0.0004471139918,0.0003822802103,C1 -
3,0.9,2,480,523.0935444,1.913626128,3.725796623,1.161678599,0.00256319107,0.0005694843532,0.09471508021,0.00286259819,0.003522947255,0.03006378972,0.002274034053,0.002574344311,1.269134286,0.001849232807,0.0003894765508,0.8553073463,0.001177163855,0.0005355527817,0.8755583671,0.001901464668,0.0009250293546,-0.423643519,0.0009973046829,0.0004880724202,0.05452834296,8.530556809e-05,3.57198088e-06,0.04842333496,0.0001208319105,0.0002405758819,0.04873501081,0.0001418295065,0.0001449507024,-0.007213662861,8.024278756e-05,0.0001430718656,1.323662629,0.001892664435,0.0003930485317,0.9037306813,0.001199494937,0.0007761286636,0.9242933779,0.001923728798,0.0007800786522,-0.4308571819,0.0009832455561,0.0003450005546,0.4199319481,0.002494939656,0.0003830801319,-0.02056269658,0.002578908459,0.001556207316,3.725477624,0.008141474825,0.005862421976,0.01121021259,0.0003604756271,0.0009672549067,- -
3,0.95,2,480,1029.119492,4.326399145,6.943479513,1.077411514,0.00213774417,0.003958779741,0.04202720208,0.0014896497,0.0003353956257,0.01300330809,0.001429781811,0.001135009276,1.14117313,0.001801844235,0.002411215266,0.9231990027,0.001558781737,0.004620665634,0.935627867,0.002005945595,0.002209450351,-0.3185239789,0.001371414644,0.00212726628,0.05541702343,0.000111794386,0.0001208628326,0.05231489651,0.0001098974974,1.832532753e-05,0.05230896922,0.0001184364473,1.566567901e-05,-0.0055147864,5.694213259e-05,0.0002320389281,1.196590153,0.001826139228,0.002290352434,0.9755138992,0.001563373385,0.004638990962,0.9879368362,0.002073938719,0.002193784672,-0.3240387653,0.001369902835,0.002359305208,0.2210762543,0.002752402009,0.006929343395,-0.01242293705,0.003159303137,0.006832775634,5.219445378,0.01207135283,0.01308937884,0.007392267354,0.0003009901616,0.0003642465953,- -
